ELBO_task,loglikelihood_task,KL_loss_task,Pred_obs_loss_task,Pred_rew_loss_task,AverageReturn,Epoch,SampleStep
-437169440.0,-437169440.0,3443.102,1329715.5,86.38554,-24.4,4,5050
-17611818.0,-17611818.0,3238.0107,442983.5,5.3324366,0.0,5,6060
-7662896.0,-7662895.5,3152.577,244078.58,5.8354464,22.6,6,7070
-5378120.5,-5378120.0,3109.7805,143234.84,7.9940157,6.8,7,8080
-3743473.25,-3743473.0,3104.9932,118033.88,4.7730684,40.6,8,9090
-2495868.5,-2495868.2,3126.3164,91998.06,3.9305108,14.1,9,10100
-962978.75,-962978.44,3143.1304,82686.76,2.2665358,17.0,10,11110
-720611.25,-720610.94,3163.2224,66184.2,1.7407558,27.1,11,12120
-5300.84912109375,-5300.5317,3171.576,78070.67,0.8078429,31.6,12,13130
-5184.2470703125,-5183.93,3169.5781,76266.42,1.3566886,-5.1,13,14140
-4472.83642578125,-4472.5195,3167.8013,65731.58,1.5024238,5.2,14,15150
-3463.653076171875,-3463.3364,3167.67,50885.36,1.0449364,24.6,15,16160
-3562.92236328125,-3562.6055,3167.949,52400.977,0.7160188,6.8,16,17170
-2800.34814453125,-2800.0312,3169.0208,41150.03,0.5910572,-44.6,17,18180
-2255.627685546875,-2255.3105,3170.6548,33106.246,0.5494128,-81.0,18,19190
-2058.4794921875,-2058.1624,3172.5933,30158.682,0.78011256,-44.6,19,20200
-1539.1165771484375,-1538.7992,3174.399,22440.45,1.0712047,-44.6,20,21210
-1202.62646484375,-1202.3088,3176.5723,17526.46,0.67397225,-81.0,21,22220
-853.9677124023438,-853.6494,3182.7222,12324.044,1.0115708,16.4,22,23230
-587.935546875,-587.6169,3186.9058,8501.97,0.27139434,61.4,23,24240
-517.1115112304688,-516.7921,3194.1387,7330.7534,1.1142634,65.5,24,25250
-442.56036376953125,-442.2404,3199.728,6182.381,1.4298575,64.6,25,26260
-369.37261962890625,-369.05203,3205.7832,5216.25,0.6486006,38.2,26,27270
-321.724853515625,-321.40356,3212.8984,4530.537,0.5238079,94.5,27,28280
-282.82550048828125,-282.5037,3218.037,3986.5728,0.3146997,82.8,28,29290
-263.48980712890625,-263.16757,3222.254,3676.123,0.48182905,-44.6,29,30300
-285.80767822265625,-285.48495,3227.3335,4025.07,0.35232767,-44.6,30,31310
-267.294921875,-266.97195,3229.5723,3770.9375,0.22068244,-26.4,31,32320
-225.4541473388672,-225.13084,3232.9834,3132.4614,0.35698724,-26.4,32,33330
-224.14686584472656,-223.82288,3239.8281,3086.4604,0.5374666,-44.6,33,34340
-181.90293884277344,-181.57855,3243.8599,2471.6218,0.4735052,-81.0,34,35350
-179.2888641357422,-178.964,3248.5234,2421.7683,0.5493969,-81.0,35,36360
-153.10003662109375,-152.77457,3254.6982,2087.0078,0.19569689,-81.0,36,37370
-158.55186462402344,-158.22568,3261.8076,2150.4216,0.31170282,-81.0,37,38380
-149.5001678466797,-149.17328,3268.833,2025.1266,0.25430265,-81.0,38,39390
-137.19590759277344,-136.8682,3277.1318,1838.5935,0.28602207,-81.0,39,40400
-114.23001098632812,-113.901405,3286.088,1530.2554,0.075794175,-81.0,40,41410
-122.97573852539062,-122.64643,3293.039,1597.4546,0.49557465,-81.0,41,42420
-116.30889129638672,-115.97891,3299.8037,1519.716,0.35486227,-81.0,42,43430
-98.12574768066406,-97.795,3307.5298,1282.0386,0.14477739,-81.0,43,44440
-87.55647277832031,-87.224976,3314.9785,1106.181,0.277762,-81.0,44,45450
-79.63492584228516,-79.302376,3325.495,1009.0069,0.14305636,-81.0,45,46460
-77.14531707763672,-76.811646,3336.71,979.4513,0.09397874,-62.8,46,47470
-201.1506805419922,-200.81558,3350.9497,2794.2847,0.21382512,-5.0,47,48480
-73.90943908691406,-73.5729,3365.378,935.7623,0.06573798,40.0,48,49490
-80.73336791992188,-80.39532,3380.522,1042.6193,0.024903622,28.2,49,50500
-63.427955627441406,-63.088413,3395.4136,780.08813,0.07069915,21.8,50,51510
-55.676387786865234,-55.33539,3409.9922,665.6903,0.069500215,34.6,51,52520
-51.12177658081055,-50.779,3427.789,595.76697,0.087015525,46.4,52,53530
-44.837337493896484,-44.492573,3447.6387,511.16412,0.030861374,79.6,53,54540
-42.724464416503906,-42.377342,3471.2383,475.7983,0.0586504,82.8,54,55550
-36.99346160888672,-36.64359,3498.7114,395.04053,0.031743232,79.6,55,56560
-36.89784622192383,-36.54481,3530.3433,391.1601,0.04812371,78.0,56,57570
-28.76171875,-28.405363,3563.5615,268.4425,0.06457996,34.0,57,58580
-27.757802963256836,-27.397871,3599.3242,259.3773,0.025173044,6.9,58,59590
-24.602460861206055,-24.238958,3635.0332,215.55943,0.0057866173,3.6,59,60600
-24.413469314575195,-24.046202,3672.6675,211.9663,0.010825013,3.6,60,61610
-22.227590560913086,-21.856548,3710.4146,176.95361,0.028782232,17.7,61,62620
-18.830440521240234,-18.45558,3748.6104,130.64127,0.00207,54.8,62,63630
-17.2294864654541,-16.850904,3785.8203,103.83912,0.02296621,15.3,63,64640
-16.47512435913086,-16.092798,3823.2646,93.94141,0.014131101,-2.9,64,65650
-14.322260856628418,-13.936174,3860.8608,62.654102,0.01018255,15.3,65,66660
-14.39645004272461,-14.006606,3898.4385,64.17644,0.006924619,97.8,66,67670
-13.74649715423584,-13.353002,3934.96,54.83873,0.0047501274,82.8,67,68680
-12.401622772216797,-12.004418,3972.0396,34.97619,0.0042969696,97.8,68,69690
-12.922475814819336,-12.521889,4005.8726,32.927612,0.06990626,61.4,69,70700
-11.928385734558105,-11.524554,4038.3135,27.9617,0.0037759198,82.8,70,71710
-11.529464721679688,-11.122486,4069.7852,21.88525,0.0046870043,24.9,71,72720
-11.408565521240234,-10.998572,4099.9307,19.171635,0.010657953,76.4,72,73730
-11.010405540466309,-10.597594,4128.111,14.492508,0.0022227406,82.8,73,74740
-10.980148315429688,-10.564832,4153.169,13.747281,0.0039892835,45.3,74,75750
-10.760293960571289,-10.342832,4174.623,10.462669,0.0040154583,61.4,75,76760
-10.649019241333008,-10.229417,4196.026,8.695085,0.0046348213,88.1,76,77770
-10.526325225830078,-10.10482,4215.046,7.014991,0.0035438307,64.6,77,78780
-10.448338508605957,-10.0252905,4230.48,5.9887505,0.002535388,79.6,78,79790
-10.885431289672852,-10.461129,4243.0244,5.919037,0.04659091,82.8,79,80800
-10.366032600402832,-9.940516,4255.161,4.851863,0.0017509253,-26.4,80,81810
-10.30080795288086,-9.874337,4264.711,3.922227,0.0014237551,-44.6,81,82820
-10.252779960632324,-9.825534,4272.4604,3.274788,0.00092438975,-8.2,82,83830
-10.227742195129395,-9.799972,4277.71,2.862704,0.0011565945,-44.6,83,84840
-10.221114158630371,-9.792966,4281.4863,2.6474483,0.0019127819,-26.4,84,85850
-10.185956954956055,-9.757669,4282.8755,2.2607808,0.0009994237,-26.4,85,86860
-10.161846160888672,-9.73358,4282.6685,1.8369863,0.0014581244,28.2,86,87870
-10.165820121765137,-9.737824,4279.956,1.950557,0.0011142159,-44.6,87,88880
-10.15915298461914,-9.731571,4275.8223,1.8408468,0.0012312509,-26.4,88,89890
-10.702715873718262,-10.275548,4271.676,1.6653076,0.056816734,-26.4,89,90900
-10.137327194213867,-9.710809,4265.1826,1.4427149,0.0018490558,-62.8,90,91910
-10.198030471801758,-9.772024,4260.0596,2.066268,0.003751207,-81.0,91,92920
-10.131498336791992,-9.706018,4254.7964,1.3677642,0.0018772596,-44.6,92,93930
-10.443473815917969,-10.018539,4249.34,2.128568,0.027981227,-44.6,93,94940
-10.126442909240723,-9.702116,4243.2646,1.440345,0.0009957887,-26.4,94,95950
-10.109777450561523,-9.686225,4235.527,1.2354085,0.0007935673,-81.0,95,96960
-10.106439590454102,-9.683651,4227.883,1.2044737,0.0007454865,-62.8,96,97970
-10.301934242248535,-9.879268,4226.662,4.0015664,0.0013798724,-44.6,97,98980
-10.167767524719238,-9.745468,4222.9907,1.9744499,0.0017170055,-8.2,98,99990
-10.284852027893066,-9.862984,4218.6875,1.516094,0.016570112,-8.2,99,101000
-10.112329483032227,-9.690908,4214.208,1.3396533,0.0005563709,-26.4,100,102010
-10.105470657348633,-9.6844225,4210.4775,1.2387488,0.0005906227,-26.4,101,103020
-10.102317810058594,-9.681917,4204.002,1.2491615,0.0002696568,-44.6,102,104030
-10.122802734375,-9.7028675,4199.355,1.1273636,0.003188865,-62.8,103,105040
-10.117246627807617,-9.697891,4193.5537,1.2979051,0.0015371562,-8.2,104,106050
-10.104212760925293,-9.68561,4186.0303,1.1540704,0.0012824262,-26.4,105,107060
-10.106802940368652,-9.688901,4179.023,1.31826,0.0005004688,-62.8,106,108070
-10.10011100769043,-9.682892,4172.19,1.1405225,0.0011022773,-62.8,107,109080
-10.128952980041504,-9.711901,4170.5234,1.3724959,0.0024333652,10.0,108,110090
-10.094473838806152,-9.677929,4165.445,1.1285387,0.0006870312,-62.8,109,111100
-10.09375,-9.677769,4159.8154,1.0957956,0.0008926301,-26.4,110,112110
-10.110779762268066,-9.695557,4152.2354,1.1695005,0.0021726135,-62.8,111,113120
-10.088593482971191,-9.674068,4145.247,1.0657293,0.0007260459,-26.4,112,114130
-10.18520450592041,-9.77004,4151.6494,2.53762,0.00036311423,-62.8,113,115140
-10.150233268737793,-9.73529,4149.4404,2.0013855,0.0005167871,28.2,114,116150
-10.117127418518066,-9.702323,4148.047,1.4495409,0.00095432525,-26.4,115,117160
-10.100768089294434,-9.686288,4144.8022,1.2812229,0.0004897166,10.0,116,118170
-10.105059623718262,-9.690969,4140.9053,1.2289246,0.0013119128,-26.4,117,119180
-10.100504875183105,-9.686743,4137.622,1.1134505,0.001670586,-8.2,118,120190
-10.092533111572266,-9.67933,4132.028,1.1799597,0.00047925292,-44.6,119,121200
-10.082744598388672,-9.670037,4127.0747,1.076493,0.00025012653,-8.2,120,122210
-10.086610794067383,-9.674488,4121.2305,1.0991678,0.0005417306,10.0,121,123220
-10.130696296691895,-9.718164,4125.3184,1.5855327,0.0016182123,-8.2,122,124230
-10.125995635986328,-9.713653,4123.4326,1.5097663,0.0016798145,-8.2,123,125240
-10.118703842163086,-9.706655,4120.4883,1.5591964,0.0006455087,-8.2,124,126250
-10.094115257263184,-9.682576,4115.3887,1.0852888,0.0014444367,-8.2,125,127260
-10.269333839416504,-9.858243,4110.9062,1.1529115,0.018553637,-81.0,126,128270
-10.517760276794434,-10.107057,4107.033,1.1142848,0.04369627,-26.4,127,129280
-10.114585876464844,-9.704561,4100.247,1.2193816,0.0027354793,-26.4,128,130290
-10.106573104858398,-9.6970825,4094.9072,1.1998222,0.0021200178,-62.8,129,131300
-10.080835342407227,-9.671997,4088.38,1.0488204,0.000633201,46.4,130,132310
-10.080693244934082,-9.672561,4081.3232,1.017895,0.0008989308,-44.6,131,133320
-10.07878303527832,-9.671334,4074.4912,1.0604837,0.00048804376,-44.6,132,134330
-10.07467269897461,-9.668049,4066.2349,0.99214804,0.0006219916,-26.4,133,135340
-10.095784187316895,-9.68991,4058.746,1.1809534,0.001530575,-26.4,134,136350
-10.082143783569336,-9.676993,4051.501,1.0698903,0.0009904072,-26.4,135,137360
-10.074362754821777,-9.670098,4042.645,1.0728607,0.00028079233,-81.0,136,138370
-10.070840835571289,-9.667076,4037.647,0.9893428,0.0005437239,-44.6,137,139380
-10.087331771850586,-9.684453,4028.789,0.9877207,0.0022923634,-44.6,138,140390
-10.079802513122559,-9.677822,4019.8037,1.0659959,0.0010995705,-81.0,139,141400
-10.324976921081543,-9.922782,4021.9526,4.7995796,0.0003313073,-8.2,140,142410
-10.13007640838623,-9.728363,4017.1304,1.9378247,0.0002542273,-44.6,141,143420
-10.09366226196289,-9.692521,4011.413,1.4123491,0.00022573504,-81.0,142,144430
-10.070518493652344,-9.66992,4005.9805,1.0590668,0.000356247,-62.8,143,145440
-10.071210861206055,-9.671101,4001.107,1.0834532,0.00030924444,-44.6,144,146450
-10.069076538085938,-9.669428,3996.4907,1.0542513,0.00033970576,-81.0,145,147460
-10.064512252807617,-9.665443,3990.6846,0.9698952,0.00051207974,-62.8,146,148470
-10.074801445007324,-9.676144,3986.5796,1.0274465,0.0011927024,-44.6,147,149480
-10.0751953125,-9.677272,3979.2393,1.061969,0.0010718808,-44.6,148,150490
-10.103979110717773,-9.706813,3971.667,1.1907759,0.0031543223,-62.8,149,151500
-10.055597305297852,-9.659254,3963.4346,0.9371956,0.000114434326,-62.8,150,152510
-10.057446479797363,-9.661914,3955.3271,0.9567809,0.00024788317,-44.6,151,153520
-10.051095962524414,-9.656476,3946.1982,0.840266,0.0004923792,-62.8,152,154530
-10.053338050842285,-9.659797,3935.413,0.9408532,0.0001439043,-81.0,153,155540
-10.052178382873535,-9.659908,3922.7017,0.89502877,0.00046516652,-62.8,154,156550
-10.057038307189941,-9.665776,3912.622,0.99815655,0.00035410773,-81.0,155,157560
-10.061071395874023,-9.670604,3904.6787,0.9144039,0.0014034893,-81.0,156,158570
-10.054722785949707,-9.665117,3896.0537,0.95245767,0.000597376,-44.6,157,159580
-10.052005767822266,-9.663296,3887.1016,0.94281304,0.00048056175,-81.0,158,160590
-10.050894737243652,-9.663194,3877.0093,0.9788595,0.00022641808,-26.4,159,161600
-10.064292907714844,-9.677424,3868.6855,1.1604548,0.00042063757,-62.8,160,162610
-10.055355072021484,-9.669522,3858.3242,0.9520033,0.0010409057,-62.8,161,163620
-10.05998706817627,-9.675301,3846.8682,1.0377256,0.0010387085,-44.6,162,164630
-10.441360473632812,-10.055265,3860.9487,6.585534,0.0014945219,-8.2,163,165640
-10.17446231842041,-9.787862,3866.0044,2.2996879,0.003755481,-81.0,164,166650
-10.092330932617188,-9.705731,3865.996,1.5565646,0.0005709896,-81.0,165,167660
-10.062469482421875,-9.676393,3860.7686,1.172554,0.00023566045,-44.6,166,168670
-10.056818008422852,-9.671398,3854.1938,1.0876787,0.00031055798,-81.0,167,169680
-10.05030345916748,-9.665563,3847.4116,0.9437254,0.00070092065,-62.8,168,170690
-10.05642318725586,-9.672293,3841.3057,1.0739661,0.0004927069,-81.0,169,171700
-10.081331253051758,-9.697802,3835.3008,1.0213099,0.0033998964,-62.8,170,172710
-10.044733047485352,-9.661476,3832.5664,0.9539036,0.00022356496,-81.0,171,173720
-10.040410041809082,-9.65774,3826.7046,0.88995826,0.00028244045,-81.0,172,174730
-10.043721199035645,-9.66166,3820.6133,0.89075214,0.0006692071,-62.8,173,175740
-10.041597366333008,-9.660139,3814.582,0.91405773,0.0003593487,-62.8,174,176750
-10.04300308227539,-9.662351,3806.526,0.9269233,0.00049349695,-62.8,175,177760
-10.030936241149902,-9.650963,3799.7324,0.7770223,0.0003690688,-81.0,176,178770
-10.048441886901855,-9.669143,3792.9902,0.9897001,0.00074791996,-81.0,177,179780
-10.04309368133545,-9.664605,3784.8813,0.87095225,0.001097763,-44.6,178,180790
-10.033478736877441,-9.655649,3778.291,0.8702622,0.0002067967,-62.8,179,181800
-10.035001754760742,-9.658079,3769.227,0.90947914,0.00018430811,-81.0,180,182810
-10.055835723876953,-9.679692,3761.439,1.0319031,0.0015172643,-44.6,181,183820
-10.051569938659668,-9.676285,3752.8525,1.177172,0.00019361559,-81.0,182,184830
-10.032185554504395,-9.657927,3742.5898,0.90867215,0.00017448283,-62.8,183,185840
-10.03809928894043,-9.664833,3732.665,0.99275273,0.00029630432,-62.8,184,186850
-10.03091812133789,-9.659061,3718.5625,0.9290753,0.00014998083,-62.8,185,187860
-10.030863761901855,-9.660195,3706.6807,0.9349367,0.00022374565,-44.6,186,188870
-10.023138999938965,-9.653466,3696.729,0.8445984,0.00016218882,-81.0,187,189880
-10.022214889526367,-9.653854,3683.6094,0.8566729,0.00011918507,-62.8,188,190890
-10.02856731414795,-9.660809,3677.587,0.9022968,0.0005059173,-62.8,189,191900
-10.077140808105469,-9.709863,3672.7773,1.6195085,0.0005581807,-81.0,190,192910
-10.249013900756836,-9.882254,3667.6006,0.8681585,0.02288152,-62.8,191,193920
-10.031349182128906,-9.665131,3662.1836,0.9884548,0.0003551024,-81.0,192,194930
-10.031577110290527,-9.66614,3654.3716,0.9933751,0.00042266972,-81.0,193,195940
-10.300800323486328,-9.936039,3647.6118,0.83361113,0.02849381,-62.8,194,196950
-10.015321731567383,-9.651247,3640.7441,0.8180358,0.00011998818,-81.0,195,197960
-10.50143051147461,-10.138039,3633.918,0.8655779,0.04847744,-81.0,196,198970
-10.022980690002441,-9.660397,3625.8433,0.9067311,0.0004346619,-81.0,197,199980
-10.017252922058105,-9.655495,3617.5825,0.87869567,0.00013432307,-81.0,198,200990
-10.011212348937988,-9.650333,3608.7852,0.8045006,0.00012025062,-81.0,199,202000
-10.015461921691895,-9.655679,3597.834,0.81485885,0.00058459677,-62.8,200,203010
-10.03275203704834,-9.674056,3586.956,0.9736396,0.0013479681,-81.0,201,204020
-10.01446533203125,-9.656397,3580.6895,0.8659361,0.0003108629,-44.6,202,205030
-10.02557373046875,-9.668267,3573.0684,0.82772183,0.0017563484,-62.8,203,206040
-10.337972640991211,-9.981146,3568.2632,0.9378071,0.032299396,-81.0,204,207050
-10.147089004516602,-9.790765,3563.2432,2.76898,0.0008702447,-81.0,205,208060
-10.0134859085083,-9.65769,3557.958,0.90248495,0.00019279626,-62.8,206,209070
-10.01528549194336,-9.659796,3554.8965,0.9273777,0.0002349678,-81.0,207,210080
-10.017960548400879,-9.662926,3550.3447,0.893471,0.00077737944,-81.0,208,211090
-10.013177871704102,-9.658692,3544.8535,0.87879497,0.0004533931,-81.0,209,212100
-10.01290225982666,-9.659099,3538.0337,0.9023712,0.00033448043,-62.8,210,213110
-10.148722648620605,-9.794686,3540.3638,2.7672648,0.0012740237,-62.8,211,214120
-10.055213928222656,-9.70134,3538.7373,1.511175,0.00043894278,-62.8,212,215130
-10.029068946838379,-9.675377,3536.9233,1.1303334,0.00041969246,-62.8,213,216140
-10.017840385437012,-9.664344,3534.9702,0.94528323,0.0005686387,-62.8,214,217150
-10.020383834838867,-9.66764,3527.438,1.0279894,0.000338568,-81.0,215,218160
-10.251969337463379,-9.8978405,3541.2861,4.303981,0.0011907133,-81.0,216,219170
-10.168537139892578,-9.81399,3545.4756,2.7126522,0.003573793,-81.0,217,220180
-10.0770263671875,-9.722392,3546.3477,1.8078651,0.00053662877,-81.0,218,221190
-10.066298484802246,-9.711686,3546.1216,1.6231933,0.0007155747,-81.0,219,222200
-10.148144721984863,-9.793583,3545.6196,1.5884345,0.009140545,-62.8,220,223210
-10.04423999786377,-9.689989,3542.505,1.3995872,5.894519e-05,-81.0,221,224220
-10.023934364318848,-9.669785,3541.497,1.0422088,0.0004568338,-81.0,222,225230
-10.02609634399414,-9.672316,3537.8086,1.1400214,4.804308e-05,-81.0,223,226240
-10.096517562866211,-9.743009,3535.0913,2.1713252,0.00013879461,-81.0,224,227250
-10.04385757446289,-9.690858,3529.9941,1.3985076,0.00015314113,-81.0,225,228260
-10.029623031616211,-9.676986,3526.3682,1.1964467,0.00013318282,-62.8,226,229270
-10.016408920288086,-9.664363,3520.459,1.0154791,9.553328e-05,-81.0,227,230280
-10.022435188293457,-9.6710415,3513.9326,1.0838163,0.0003009085,-81.0,228,231290
-10.019728660583496,-9.668942,3507.8643,1.0005376,0.0006545037,-81.0,229,232300
-10.021965026855469,-9.67183,3501.3516,1.1049562,0.00023676509,-81.0,230,233310
-10.017419815063477,-9.66791,3495.0996,1.0227404,0.0004010993,-62.8,231,234320
-10.016759872436523,-9.667937,3488.23,0.9889895,0.00063218473,-81.0,232,235330
-10.014102935791016,-9.665925,3481.7812,1.0181916,0.00023339584,-26.4,233,236340
-9.994680404663086,-9.64732,3473.6094,0.8524146,2.4820625e-05,-62.8,234,237350
-10.069005966186523,-9.722427,3465.7822,0.9399722,0.006412841,-26.4,235,238360
-10.017004013061523,-9.670466,3465.379,0.9179655,0.001365746,-81.0,236,239370
-10.010149955749512,-9.664115,3460.3496,0.9847036,0.00027898414,-81.0,237,240380
-10.009848594665527,-9.664696,3451.5273,0.97698116,0.00038931327,-44.6,238,241390
-10.004963874816895,-9.660804,3441.6035,0.9049052,0.00048783998,-44.6,239,242400
-10.001333236694336,-9.657801,3435.3228,0.9068957,0.00017405827,-81.0,240,243410
-10.00526237487793,-9.662587,3426.75,0.9750489,0.00019152917,-81.0,241,244420
-10.003622055053711,-9.661877,3417.4531,0.9081194,0.0005733189,-62.8,242,245430
-9.999914169311523,-9.659168,3407.463,0.90820575,0.00030195783,-62.8,243,246440
-9.991522789001465,-9.651323,3401.9932,0.82626057,7.186965e-05,-81.0,244,247450
-9.99549674987793,-9.656212,3392.8447,0.8692819,0.0002696762,-62.8,245,248460
-9.990983009338379,-9.652533,3384.5063,0.7739976,0.0005465452,-62.8,246,249470
-10.410356521606445,-10.072817,3375.3975,0.72643185,0.04289686,-81.0,247,250480
-9.992822647094727,-9.656241,3365.8125,0.84348786,0.00044720026,-81.0,248,251490
-9.991996765136719,-9.656011,3359.8628,0.8727929,0.00022571876,-26.4,249,252500
-9.997830390930176,-9.662703,3351.2778,0.9699396,0.00023767469,-62.8,250,253510
-9.998558044433594,-9.664545,3340.1333,0.9833288,0.00033126713,-81.0,251,254520
-10.100506782531738,-9.767331,3331.7588,2.5373535,9.409695e-05,-62.8,252,255530
-9.980871200561523,-9.649044,3318.2754,0.7636131,0.00026795137,-62.8,253,256540
-9.98620891571045,-9.655628,3305.8032,0.86643994,0.00023051667,-81.0,254,257550
-9.97482681274414,-9.645151,3296.7568,0.7214712,0.00016379647,-81.0,255,258560
-10.36064338684082,-10.031913,3287.309,0.9436191,0.03733671,-62.8,256,259570
-9.974454879760742,-9.646393,3280.6191,0.7583583,3.829563e-05,-62.8,257,260580
-9.981427192687988,-9.654594,3268.3271,0.8622812,0.00015529814,-81.0,258,261590
-9.98350715637207,-9.657057,3264.504,0.8882851,0.00022559304,-81.0,259,262600
-9.976825714111328,-9.651164,3256.6191,0.78882545,0.0003092689,-26.4,260,263610
-9.977811813354492,-9.652872,3249.3975,0.8474874,8.319129e-05,-44.6,261,264620
-9.972970008850098,-9.648728,3242.414,0.7805388,0.00012176821,-44.6,262,265630
-9.991718292236328,-9.667592,3241.2627,1.0490623,0.00019116554,-26.4,263,266640
-9.985238075256348,-9.661305,3239.3262,0.9569004,0.00018614763,-44.6,264,267650
-9.975424766540527,-9.652008,3234.163,0.80388844,0.00029185656,-26.4,265,268660
-9.983926773071289,-9.661114,3228.1328,0.87717515,0.0007065213,28.2,266,269670
-9.979894638061523,-9.657743,3221.5073,0.8636339,0.00046104623,-26.4,267,270680
-9.963111877441406,-9.641646,3214.6592,0.7543162,0.00010955656,-44.6,268,271690
-9.969779968261719,-9.648778,3210.0244,0.78477085,9.811815e-05,-44.6,269,272700
-9.976799964904785,-9.656486,3203.1396,0.8940921,0.00012924017,-44.6,270,273710
-9.969874382019043,-9.650332,3195.4224,0.78304267,0.00026531893,-44.6,271,274720
-9.966693878173828,-9.6480465,3186.4731,0.7760712,8.385367e-05,-44.6,272,275730
-9.962820053100586,-9.645092,3177.2783,0.6915091,0.00036068467,-62.8,273,276740
-9.97687816619873,-9.660264,3166.1436,0.88475955,0.00057019683,-26.4,274,277750
-9.964641571044922,-9.648959,3156.825,0.7530348,0.00078596943,-26.4,275,278760
-9.96756649017334,-9.652707,3148.596,0.8212924,0.00024407903,-62.8,276,279770
-9.957962989807129,-9.644496,3134.6694,0.7214377,9.852754e-05,-26.4,277,280780
-9.961307525634766,-9.64904,3122.6729,0.7812481,0.00014834234,-62.8,278,281790
-9.961295127868652,-9.649792,3115.036,0.72108924,0.0006305783,-8.2,279,282800
-9.961983680725098,-9.65161,3103.7363,0.8309912,6.86201e-05,-62.8,280,283810
-9.955096244812012,-9.645923,3091.734,0.7281922,0.00019564148,-26.4,281,284820
-9.969197273254395,-9.661031,3081.669,0.9716711,5.8644426e-05,-26.4,282,285830
-9.954824447631836,-9.647962,3068.6292,0.7679827,0.00013016922,-62.8,283,286840
-9.965880393981934,-9.659656,3062.252,0.8159349,0.0009749962,-44.6,284,287850
-9.953375816345215,-9.648155,3052.208,0.7560209,0.00023037985,-44.6,285,288860
-9.957319259643555,-9.652951,3043.6763,0.78573376,0.0005089375,-44.6,286,289870
-9.989392280578613,-9.6848755,3045.167,1.2625073,0.00047523467,-8.2,287,290880
-9.963122367858887,-9.658929,3041.934,0.86142635,0.0005945442,-8.2,288,291890
-9.956158638000488,-9.652469,3036.9019,0.84062207,8.926807e-05,-62.8,289,292900
-9.951006889343262,-9.647901,3031.0598,0.7112993,0.0005076799,-44.6,290,293910
-9.956371307373047,-9.65397,3024.0112,0.8608358,0.000102616585,-44.6,291,294920
-9.953739166259766,-9.651977,3017.6213,0.7798584,0.00045121348,-81.0,292,295930
-9.951894760131836,-9.650945,3009.499,0.7607378,0.00047741074,-26.4,293,296940
-9.948100090026855,-9.647687,3004.1343,0.77011865,8.822448e-05,-62.8,294,297950
-9.938424110412598,-9.638768,2996.5576,0.63011247,0.00014370047,-44.6,295,298960
-9.967331886291504,-9.668445,2988.8735,0.7845051,0.002066705,-62.8,296,299970
-9.941988945007324,-9.64408,2979.0896,0.72334343,4.4016568e-05,-44.6,297,300980
-9.951622009277344,-9.65457,2970.522,0.8222184,0.00042401467,-44.6,298,301990
-9.94309139251709,-9.647075,2960.1675,0.674732,0.0006724565,-44.6,299,303000
-9.947754859924316,-9.65279,2949.6494,0.8474408,7.520317e-05,-62.8,300,304010
-9.93930435180664,-9.645157,2941.4756,0.7237754,0.00014878264,-62.8,301,305020
-9.937726974487305,-9.644606,2931.2153,0.70041066,0.0002517398,-62.8,302,306030
-9.936853408813477,-9.644778,2920.751,0.6989736,0.00027875314,-81.0,303,307040
-9.941810607910156,-9.650458,2913.5225,0.8036861,0.00013816933,-62.8,304,308050
-9.934574127197266,-9.644149,2904.2498,0.6999656,0.00020918844,-62.8,305,309060
-9.926599502563477,-9.637516,2890.8394,0.62997496,1.9440875e-05,-81.0,306,310070
-9.931910514831543,-9.6442585,2876.5242,0.6931219,0.0002664411,-62.8,307,311080
-9.929317474365234,-9.642791,2865.2668,0.7071361,2.4782648e-05,-81.0,308,312090
-9.9371976852417,-9.652009,2851.889,0.81162584,0.00023943209,-81.0,309,313100
-9.935991287231445,-9.652073,2839.1848,0.8295443,0.00012463487,-81.0,310,314110
-9.926772117614746,-9.644174,2825.9817,0.71776754,9.109889e-05,-81.0,311,315120
-9.924409866333008,-9.6434355,2809.7395,0.7116126,5.9063146e-05,-81.0,312,316130
-10.039230346679688,-9.759614,2796.1646,0.7145616,0.011656872,-81.0,313,317140
-9.924623489379883,-9.646357,2782.6724,0.7309496,0.0002202184,-62.8,314,318150
-11.280561447143555,-11.002871,2776.9077,20.67871,0.0008898261,-62.8,315,319160
-9.958390235900879,-9.679727,2786.6343,1.1563673,0.0006785835,-81.0,316,320170
-10.012296676635742,-9.733648,2786.484,2.0231125,0.0002056391,-81.0,317,321180
-9.992097854614258,-9.712841,2792.5706,1.6562698,0.00060725526,-62.8,318,322190
-9.962926864624023,-9.683721,2792.059,1.1619964,0.0010397843,-81.0,319,323200
-9.935335159301758,-9.656384,2789.5115,0.89229107,0.00013120261,-81.0,320,324210
-9.932937622070312,-9.654263,2786.7542,0.8563075,0.00016248779,-62.8,321,325220
-9.931315422058105,-9.65292,2783.9539,0.83446455,0.00017602528,-81.0,322,326230
-9.936397552490234,-9.658507,2778.9028,0.8915453,0.00034857856,-81.0,323,327240
-9.943839073181152,-9.666334,2775.0535,1.0288544,0.00020205465,-81.0,324,328250
-9.985766410827637,-9.708184,2775.82,1.6521635,0.00016937136,-26.4,325,329260
-9.93644905090332,-9.659185,2772.6328,0.9445311,5.7899502e-05,-44.6,326,330270
-10.066800117492676,-9.789696,2771.0483,2.8571458,0.00016672348,-62.8,327,331280
-9.933913230895996,-9.65694,2769.732,0.86635596,0.00036242223,-62.8,328,332290
-9.92593002319336,-9.649138,2767.9146,0.78072965,0.00016152787,-81.0,329,333300
-9.926258087158203,-9.649801,2764.5671,0.78892946,0.00017240747,-81.0,330,334310
-9.925135612487793,-9.649096,2760.3972,0.7863382,0.00011935801,-62.8,331,335320
-9.922821044921875,-9.647152,2756.6929,0.75577366,0.00013177426,-81.0,332,336330
-9.924124717712402,-9.648434,2756.9082,0.7816447,8.4991545e-05,-62.8,333,337340
-9.922511100769043,-9.6470585,2754.5254,0.7628207,7.472329e-05,-81.0,334,338350
-9.928376197814941,-9.65323,2751.464,0.7480856,0.000791686,-81.0,335,339360
-9.918440818786621,-9.6437845,2746.5674,0.704177,0.00014429561,-62.8,336,340370
-9.922260284423828,-9.647896,2743.645,0.76116246,0.00016975719,-81.0,337,341380
-9.924629211425781,-9.650861,2737.6838,0.751714,0.0005301148,-62.8,338,342390
-10.272870063781738,-9.99978,2730.901,0.66493577,0.03600909,-62.8,339,343400
-9.909228324890137,-9.636837,2723.9092,0.6181197,3.1738375e-05,-81.0,340,344410
-9.911947250366211,-9.640427,2715.2092,0.66367984,8.240464e-05,-8.2,341,345420
-9.913905143737793,-9.643226,2706.7954,0.70050704,0.00011306997,-81.0,342,346430
-9.912973403930664,-9.643398,2695.7559,0.7037934,0.00010815161,-62.8,343,347440
-9.920279502868652,-9.651791,2684.8867,0.8287574,0.00010181301,-62.8,344,348450
-9.90868091583252,-9.64133,2673.5103,0.68525165,2.6837813e-05,-81.0,345,349460
-9.916775703430176,-9.65091,2658.649,0.7069338,0.0008381085,-62.8,346,350470
-9.90481948852539,-9.639943,2648.7668,0.64623696,0.00015215276,-81.0,347,351480
-9.9041748046875,-9.640787,2633.8809,0.67784977,2.2598457e-05,-62.8,348,352490
-9.906475067138672,-9.64464,2618.3557,0.71825695,0.00013447167,-26.4,349,353500
-9.901357650756836,-9.6412115,2601.4634,0.6714401,0.00010838997,-81.0,350,354510
-9.899471282958984,-9.640818,2586.5344,0.6337315,0.00032412444,-81.0,351,355520
-9.902674674987793,-9.645791,2568.8403,0.69573057,0.00040197631,-81.0,352,356530
-9.891912460327148,-9.6366415,2552.7117,0.61747634,1.658131e-05,-81.0,353,357540
-9.8994779586792,-9.6458,2536.7861,0.74617755,6.1538674e-05,-81.0,354,358550
-9.899636268615723,-9.647344,2522.9297,0.7286408,0.00033460732,-81.0,355,359560
-9.950773239135742,-9.699823,2509.4941,1.4883767,0.00044150942,-81.0,356,360570
-9.891324043273926,-9.64134,2499.8354,0.68416584,3.5209643e-05,-81.0,357,361580
-9.886211395263672,-9.63719,2490.2183,0.5922363,0.00024216766,-62.8,358,362590
-9.888086318969727,-9.640213,2478.7373,0.6616039,7.517806e-05,-81.0,359,363600
-9.893416404724121,-9.646905,2465.1118,0.6964468,0.0005084637,-44.6,360,364610
-9.912415504455566,-9.6672535,2451.6226,0.6301259,0.0029921827,-81.0,361,365620
-9.882325172424316,-9.638214,2441.1064,0.63362455,6.4575506e-05,-62.8,362,366630
-9.882177352905273,-9.639134,2430.4329,0.6431394,9.22057e-05,-81.0,363,367640
-9.945460319519043,-9.702542,2429.178,1.418507,0.0011862598,28.2,364,368650
-9.894302368164062,-9.651681,2426.2163,0.8352778,4.6741192e-05,-8.2,365,369660
-9.886507987976074,-9.644236,2422.7258,0.71640354,0.00010650155,-8.2,366,370670
-9.887299537658691,-9.645605,2416.949,0.7110915,0.00027945897,-44.6,367,371680
-9.88488483428955,-9.643717,2411.6768,0.70403993,0.00013831611,-81.0,368,372690
-9.877569198608398,-9.637072,2404.9727,0.6067864,0.00013200012,-44.6,369,373700
-9.889927864074707,-9.6503,2396.2822,0.8166638,3.4606324e-05,-62.8,370,374710
-9.877171516418457,-9.638465,2387.0703,0.61230254,0.00023395837,-44.6,371,375720
-9.875104904174805,-9.637618,2374.8672,0.6278996,4.3800836e-05,-81.0,372,376730
-9.87661075592041,-9.640095,2365.1602,0.66552866,3.6759764e-05,-81.0,373,377740
-9.868854522705078,-9.633571,2352.8354,0.5561679,0.00012433124,-44.6,374,378750
-9.874719619750977,-9.640859,2338.6145,0.6572683,0.00016896304,-81.0,375,379760
-9.881346702575684,-9.648949,2323.9775,0.7432813,0.00039598558,-47.9,376,380770
-9.871606826782227,-9.640784,2308.2263,0.58435166,0.0006549737,-62.8,377,381780
-10.559761047363281,-10.330355,2294.0645,10.817017,0.00037005183,-44.6,378,382790
-9.863847732543945,-9.635317,2285.311,0.594291,4.0966122e-05,-62.8,379,383800
-9.8775053024292,-9.650089,2274.1628,0.65066576,0.0011367726,-71.4,380,384810
-9.862390518188477,-9.6362505,2261.397,0.60293806,7.5819364e-05,-62.8,381,385820
-9.863718032836914,-9.638628,2250.899,0.61368394,0.00024089366,-81.0,382,386830
-10.383971214294434,-10.157077,2268.9412,8.159721,0.0010235811,-44.6,383,387840
-10.07435131072998,-9.846137,2282.1467,3.6731653,0.0002890148,-81.0,384,388850
-10.031353950500488,-9.802425,2289.2856,3.059153,7.2678406e-05,-77.8,385,389860
-9.936562538146973,-9.70715,2294.1216,1.5861578,0.0005126287,-81.0,386,390870
-9.951086044311523,-9.7210865,2299.9941,1.8091776,0.00039712066,-81.0,387,391880
-9.920157432556152,-9.689812,2303.4546,1.2720597,0.0009041738,-81.0,388,392890
-9.94484806060791,-9.714389,2304.5952,1.42463,0.0023295293,-8.2,389,393900
-9.897281646728516,-9.666799,2304.8267,1.0578494,5.236716e-05,-59.6,390,394910
-9.915870666503906,-9.685307,2305.6372,1.3174028,0.0001468453,-77.8,391,395920
-9.896492958068848,-9.666083,2304.0928,1.0456568,6.338928e-05,-81.0,392,396930
-9.891938209533691,-9.661742,2301.9565,1.0754468,0.00020511851,-62.8,393,397940
-9.889477729797363,-9.65935,2301.274,0.9331026,0.0001517283,-74.6,394,398950
-9.90737533569336,-9.677262,2301.1257,1.1849959,0.00023845282,-81.0,395,399960
-9.920562744140625,-9.69084,2297.233,1.3971953,0.00016021507,-62.8,396,400970
-10.047138214111328,-9.817564,2295.7383,3.2778735,0.00010663185,-81.0,397,401980
-9.879338264465332,-9.650022,2293.1697,0.7817178,0.00024316784,-62.8,398,402990
-9.87773323059082,-9.648754,2289.794,0.7921479,5.575144e-05,-81.0,399,404000
-9.887563705444336,-9.658745,2288.185,0.76183635,0.0012500728,-62.8,400,405010
-9.869247436523438,-9.64067,2285.781,0.662879,0.000112117086,-62.8,401,406020
-9.875290870666504,-9.647172,2281.1848,0.7692461,4.2626547e-05,-62.8,402,407030
-9.865323066711426,-9.637659,2276.6428,0.6248675,6.8244386e-05,-62.8,403,408040
-9.864957809448242,-9.63788,2270.7705,0.6127687,0.00017231863,-62.8,404,409050
-9.858246803283691,-9.63163,2266.1687,0.54030645,3.759388e-05,-81.0,405,410060
-9.861640930175781,-9.635933,2257.084,0.58087057,0.0001934501,-44.6,406,411070
-9.866351127624512,-9.641333,2250.1895,0.6498246,0.0002668843,-81.0,407,412080
-9.859991073608398,-9.635911,2240.8042,0.59188217,0.00011660478,-41.4,408,413090
-9.957503318786621,-9.733742,2237.6152,2.088801,0.000124241,-41.4,409,414100
-9.886738777160645,-9.663278,2234.613,1.0087477,3.250421e-05,-81.0,410,415110
-9.872517585754395,-9.649308,2232.0967,0.7908655,0.000109976085,-62.8,411,416120
-9.874131202697754,-9.65126,2228.7112,0.688088,0.0010005734,-81.0,412,417130
-9.872140884399414,-9.649669,2224.72,0.7497704,0.00042411275,-81.0,413,418140
-9.861397743225098,-9.639436,2219.621,0.65085495,7.009474e-05,-81.0,414,419150
-9.863409042358398,-9.641822,2215.8755,0.6589308,0.0002541107,-62.8,415,420160
-9.858763694763184,-9.637629,2211.3506,0.6089268,0.00017317435,-81.0,416,421170
-9.856318473815918,-9.635836,2204.8284,0.5454325,0.00042347392,-62.8,417,422180
-9.85452651977539,-9.6341095,2204.1704,0.573623,6.0126524e-05,-81.0,418,423190
-9.86475658416748,-9.644852,2199.0498,0.56159836,0.0012156785,-81.0,419,424200
-9.852383613586426,-9.633173,2192.1023,0.5655353,2.1133856e-05,-81.0,420,425210
-9.863701820373535,-9.644702,2190.0027,0.7002755,0.00026239274,-44.6,421,426220
-9.854316711425781,-9.635796,2185.213,0.55700374,0.00034117798,-81.0,422,427230
-9.852099418640137,-9.634219,2178.8057,0.58193415,1.4768115e-05,-81.0,423,428240
-10.279134750366211,-10.060803,2183.315,6.8878307,2.7923752e-06,-81.0,424,429250
-9.896851539611816,-9.677819,2190.3264,1.2241735,2.8935454e-05,-81.0,425,430260
-13.670775413513184,-13.451666,2191.0908,56.94889,0.00033762486,28.2,426,431270
-9.869353294372559,-9.650089,2192.636,0.81251025,4.1552146e-05,-62.8,427,432280
-9.99653148651123,-9.777269,2192.62,2.6966763,9.946727e-06,-62.8,428,433290
-9.865424156188965,-9.6462965,2191.2808,0.7510929,7.789402e-05,-26.4,429,434300
-9.858991622924805,-9.640163,2188.2805,0.6685531,2.3100703e-05,-62.8,430,435310
-9.8599271774292,-9.641418,2185.0828,0.68066573,6.665849e-05,-81.0,431,436320
-9.861913681030273,-9.6437435,2181.7065,0.70893764,0.0001078777,-62.8,432,437330
-9.854840278625488,-9.637171,2176.6982,0.6202514,5.07269e-05,-81.0,433,438340
-9.860899925231934,-9.643811,2170.8826,0.71763694,5.5775825e-05,-62.8,434,439350
-9.857728004455566,-9.641018,2167.1,0.68234444,1.5224553e-05,-81.0,435,440360
-9.849323272705078,-9.633189,2161.3403,0.5329444,0.00024330801,-62.8,436,441370
-9.856553077697754,-9.641056,2154.9731,0.6128311,0.00048941624,-44.6,437,442380
-9.845541954040527,-9.630875,2146.6763,0.496903,0.00025581813,-62.8,438,443390
-9.849841117858887,-9.636027,2138.1423,0.5932518,0.00011904062,-62.8,439,444400
-9.858407974243164,-9.645011,2133.974,0.73622805,4.989827e-05,-81.0,440,445410
-9.848028182983398,-9.635423,2126.0503,0.57673615,0.00017043202,-26.4,441,446420
-9.845512390136719,-9.63359,2119.2224,0.56131977,9.147997e-05,-81.0,442,447430
-9.844680786132812,-9.633519,2111.616,0.55029005,0.00015900875,-62.8,443,448440
-9.850152969360352,-9.639588,2105.6465,0.64919716,9.659681e-05,-62.8,444,449450
-9.850499153137207,-9.64054,2099.5903,0.6477664,0.0002013954,-44.6,445,450460
-9.83840274810791,-9.629044,2093.5957,0.50235784,3.5687237e-05,-62.8,446,451470
-9.848663330078125,-9.640302,2083.6147,0.5517974,0.00082704914,-62.8,447,452480
-9.842381477355957,-9.635023,2073.5815,0.5794788,0.00011186815,-62.8,448,453490
-9.846447944641113,-9.639365,2070.8315,0.56176996,0.0006659475,-44.6,449,454500
-9.839310646057129,-9.63283,2064.8125,0.55838716,3.514636e-05,-44.6,450,455510
-9.850942611694336,-9.644934,2060.0923,0.7302595,8.2586776e-05,-8.2,451,456520
-9.84410572052002,-9.638763,2053.4185,0.56883967,0.00055786816,-44.6,452,457530
-9.833088874816895,-9.628446,2046.4346,0.49247843,4.2847405e-05,-62.8,453,458540
-9.837748527526855,-9.633835,2039.1335,0.5724244,4.076098e-05,-62.8,454,459550
-9.831796646118164,-9.62887,2029.2671,0.49355584,7.793086e-05,-44.6,455,460560
-9.835325241088867,-9.633195,2021.2986,0.5313927,0.00025445665,-44.6,456,461570
-9.831727981567383,-9.630449,2012.7852,0.51838535,6.791416e-05,-8.2,457,462580
-9.831171035766602,-9.630573,2005.9785,0.5003365,0.00020237526,-44.6,458,463590
-9.829506874084473,-9.629639,1998.6848,0.48831916,0.00019028939,-81.0,459,464600
-9.831229209899902,-9.632254,1989.7593,0.5350085,0.00013577957,-62.8,460,465610
-9.826640129089355,-9.628825,1978.1475,0.4869579,0.00011817173,-62.8,461,466620
-9.828889846801758,-9.631656,1972.3386,0.5409985,3.5443125e-05,-62.8,462,467630
-9.828113555908203,-9.631606,1965.0791,0.53965145,3.9697235e-05,-62.8,463,468640
-9.828191757202148,-9.632748,1954.4368,0.5576641,3.1971937e-05,-62.8,464,469650
-9.842144012451172,-9.647532,1946.1165,0.7459444,0.00023645748,-62.8,465,470660
-9.8827543258667,-9.688456,1942.99,1.3606212,0.00016940206,-62.8,466,471670
-9.821991920471191,-9.628201,1937.917,0.48060682,9.862105e-05,-62.8,467,472680
-9.833521842956543,-9.64042,1931.0198,0.6656696,6.83035e-05,-26.4,468,473690
-9.823572158813477,-9.631205,1923.6748,0.5311675,5.6885976e-05,-81.0,469,474700
-9.826547622680664,-9.6349,1916.4783,0.5835079,7.226313e-05,-62.8,470,475710
-9.827227592468262,-9.636543,1906.8408,0.6065645,8.053786e-05,-44.6,471,476720
-9.824433326721191,-9.634516,1899.1721,0.5752803,8.953485e-05,-26.4,472,477730
-9.820284843444824,-9.631347,1889.3801,0.52612305,0.000105263716,-44.6,473,478740
-9.82577896118164,-9.637849,1879.3037,0.5837301,0.00036561035,-62.8,474,479750
-9.864928245544434,-9.677674,1872.54,1.2051436,0.00014328814,-62.8,475,480760
-9.950547218322754,-9.763594,1869.5391,2.4529326,0.0002916968,-26.4,476,481770
-9.812676429748535,-9.626019,1866.5781,0.45746756,3.695622e-05,-26.4,477,482780
-9.830312728881836,-9.6441,1862.125,0.5400283,0.001286508,-81.0,478,483790
-9.816790580749512,-9.630988,1858.021,0.5250616,7.660737e-05,-62.8,479,484800
-9.816160202026367,-9.630786,1853.7471,0.50305235,0.00020536386,-44.6,480,485810
-9.819104194641113,-9.634283,1848.2109,0.5562405,0.00019509642,-81.0,481,486820
-9.847798347473145,-9.6632,1845.9805,0.9787648,0.00022777192,-62.8,482,487830
-9.816364288330078,-9.632163,1842.0146,0.5303794,0.00015808844,-62.8,483,488840
-9.813958168029785,-9.630368,1835.8975,0.5219923,3.5370584e-05,-81.0,484,489850
-9.81238079071045,-9.629483,1828.9722,0.50950646,3.1352385e-05,-81.0,485,490860
-9.81233024597168,-9.630032,1822.9907,0.5154829,4.5743272e-05,-62.8,486,491870
-9.816177368164062,-9.633852,1823.2583,0.5671234,7.827788e-05,-62.8,487,492880
-9.815591812133789,-9.633377,1822.1436,0.54405975,0.00018691712,-44.6,488,493890
-9.821728706359863,-9.639869,1818.603,0.5804441,0.0006716907,-26.4,489,494900
-9.813472747802734,-9.631978,1814.9485,0.5089953,0.00028429247,-62.8,490,495910
-9.815362930297852,-9.633703,1816.5923,0.57190204,3.112928e-05,-44.6,491,496920
-9.818097114562988,-9.636732,1813.6511,0.6096957,7.833331e-05,-81.0,492,497930
-9.811185836791992,-9.630296,1808.8994,0.5093819,0.00011343742,-81.0,493,498940
-9.814690589904785,-9.63434,1803.5073,0.564079,0.00014777969,-81.0,494,499950
-9.794964790344238,-9.614999,1799.6572,0.52745354,5.8442398e-05,-26.4,495,500960
-9.808849334716797,-9.629067,1797.8169,0.50124544,4.572768e-05,-81.0,496,501970
-9.822699546813965,-9.6433325,1793.6675,0.70031047,0.00012515187,-81.0,497,502980
-9.808717727661133,-9.629573,1791.4482,0.5099094,3.755465e-05,-26.4,498,503990
-9.817852973937988,-9.638987,1788.6685,0.63953537,0.00018595421,-8.2,499,505000
-9.812127113342285,-9.633662,1784.646,0.56371033,8.251303e-05,-44.6,500,506010
-9.835931777954102,-9.657558,1783.7314,0.9066988,0.0001511172,-81.0,501,507020
-9.839231491088867,-9.661022,1782.0942,0.5153777,0.0031454754,-62.8,502,508030
-9.806465148925781,-9.628515,1779.5034,0.4888173,7.449148e-05,-81.0,503,509040
-9.808491706848145,-9.630881,1776.102,0.5259115,6.013812e-05,-62.8,504,510050
-9.810586929321289,-9.633516,1770.7058,0.56455255,6.2144456e-05,10.0,505,511060
-9.821817398071289,-9.645083,1767.3389,0.50216234,0.0016409993,-62.8,506,512070
-9.805580139160156,-9.629048,1765.3218,0.49654883,0.000235837,-81.0,507,513080
-9.804827690124512,-9.628704,1761.2358,0.49102688,7.842289e-05,-44.6,508,514090
-9.814033508300781,-9.63841,1756.2363,0.5930457,0.00043742976,-62.8,509,515100
-9.99829387664795,-9.823221,1750.7249,3.3691328,8.262071e-05,-81.0,510,516110
-9.822772979736328,-9.647883,1748.8918,0.6691441,5.1013376e-05,-62.8,511,517120
-10.196358680725098,-10.020154,1762.0508,6.282946,3.097553e-05,-62.8,512,518130
-9.821612358093262,-9.645085,1765.2727,0.74358666,0.00015142343,-26.4,513,519140
-9.825540542602539,-9.649064,1764.7622,0.79167783,8.002007e-05,-62.8,514,520150
-9.814784049987793,-9.638458,1763.2583,0.614082,0.00022129201,-62.8,515,521160
-9.80899715423584,-9.632839,1761.5825,0.5515758,8.216872e-05,-26.4,516,522170
-9.866902351379395,-9.690837,1760.6523,0.6103639,0.0054841614,-44.6,517,523180
-9.807844161987305,-9.632019,1758.2529,0.53698814,9.9031015e-05,-44.6,518,524190
-9.804125785827637,-9.628662,1754.6338,0.49504483,4.7087386e-05,-81.0,519,525200
-9.80563735961914,-9.630611,1750.2637,0.5141078,0.0001131488,-44.6,520,526210
-9.807745933532715,-9.633118,1746.2783,0.5222244,0.00030860025,-81.0,521,527220
-9.804839134216309,-9.63056,1742.791,0.49898773,0.00021017877,-81.0,522,528230
-9.800444602966309,-9.626707,1737.3765,0.44765052,0.00017219644,-44.6,523,529240
-11.126420021057129,-10.9529705,1734.4937,20.11587,7.860719e-05,-8.2,524,530250
-9.818207740783691,-9.644126,1740.8159,0.6813125,0.000657771,-44.6,525,531260
-9.804609298706055,-9.630619,1739.8994,0.54754364,0.00026177784,-81.0,526,532270
-9.7952241897583,-9.621518,1737.0581,0.47930613,0.0001270872,-81.0,527,533280
-9.807206153869629,-9.633575,1736.3057,0.5470207,0.00018673997,-44.6,528,534290
-9.799551010131836,-9.626282,1732.6953,0.4586585,5.528713e-05,-44.6,529,535300
-9.803568840026855,-9.630705,1728.6387,0.501845,0.0002053514,-26.4,530,536310
-9.800015449523926,-9.62768,1723.3577,0.4853274,1.4648031e-05,-81.0,531,537320
-9.839027404785156,-9.667095,1719.3184,1.1834097,8.559178e-05,-8.2,532,538330
-9.80057430267334,-9.629174,1714.0034,0.54321945,0.00014757641,-26.4,533,539340
-9.81959056854248,-9.648039,1715.5215,0.7221329,0.00044806302,10.0,534,540350
-9.857145309448242,-9.685802,1713.4316,1.1907985,0.0010531227,-26.4,535,541360
-9.799327850341797,-9.628475,1708.5225,0.4478993,0.00034729656,-8.2,536,542370
-9.802226066589355,-9.631949,1702.7646,0.54253685,5.444032e-05,-44.6,537,543380
-9.795799255371094,-9.626166,1696.333,0.49477285,6.3413536e-05,-26.4,538,544390
-9.796740531921387,-9.627594,1691.4644,0.46653548,0.0001332679,-26.4,539,545400
-9.800241470336914,-9.631665,1685.7593,0.5076754,0.00026201791,-8.2,540,546410
-9.798392295837402,-9.6305895,1678.0244,0.49335057,0.00046798502,-26.4,541,547420
-9.795452117919922,-9.628001,1674.5127,0.5482288,5.9372403e-05,-44.6,542,548430
-9.804226875305176,-9.637181,1670.4526,0.6185081,6.3614854e-05,-47.8,543,549440
-9.798705101013184,-9.632109,1665.9604,0.54604673,4.6612517e-05,-26.4,544,550450
-9.776775360107422,-9.610871,1659.0393,0.4320435,5.986111e-05,-8.2,545,551460
-9.792617797851562,-9.627076,1655.4187,0.5065384,0.00036390932,-47.8,546,552470
-9.793473243713379,-9.6280985,1653.7498,0.4922957,9.345673e-05,-26.4,547,553480
-9.79941177368164,-9.634572,1648.3936,0.5742173,0.00010231381,-8.2,548,554490
-9.814800262451172,-9.649904,1648.9648,0.79534656,0.00013922561,-59.6,549,555500
-9.799086570739746,-9.634077,1650.0974,0.5723467,6.5376946e-05,-26.4,550,556510
-9.910204887390137,-9.744289,1659.1548,2.0672052,0.0007536173,-26.4,551,557520
-9.848854064941406,-9.681676,1671.7825,1.2506456,0.00023544011,-44.6,552,558530
-9.809225082397461,-9.641498,1677.2764,0.65080416,0.0002766529,-62.8,553,559540
-10.17756175994873,-10.009674,1678.8804,5.8821464,0.0017780641,-44.6,554,560550
-9.808233261108398,-9.640337,1678.9663,0.6543658,0.00013645228,-26.4,555,561560
-9.82605266571045,-9.658296,1677.5713,0.7265867,0.0014436115,-8.2,556,562570
-9.792327880859375,-9.62481,1675.1753,0.5868982,3.1403008e-05,-62.8,557,563580
-9.846216201782227,-9.678592,1676.2461,1.1981246,0.0002824249,-44.6,558,564590
-9.829214096069336,-9.66155,1676.6494,0.80467093,0.0012406574,-23.2,559,565600
-9.81521224975586,-9.647729,1674.8367,0.75349545,0.00020487666,-26.4,560,566610
-9.855608940124512,-9.688361,1672.4766,0.9370348,0.0030260785,-44.6,561,567620
-9.806428909301758,-9.639556,1668.7344,0.6577393,3.559602e-05,-62.8,562,568630
-9.80172348022461,-9.63522,1665.0408,0.59314764,3.9057704e-05,-26.4,563,569640
-9.857419967651367,-9.690907,1665.1384,1.4182532,2.4371779e-05,-8.2,564,570650
-9.810502052307129,-9.6441555,1663.4636,0.7205707,7.041513e-05,-26.4,565,571660
-9.804607391357422,-9.638555,1660.5305,0.6326125,0.00012139915,-8.2,566,572670
-9.801815032958984,-9.6361475,1656.6719,0.56732976,0.0003064657,-62.8,567,573680
-9.808382987976074,-9.642869,1655.1382,0.6950723,0.000114287664,-62.8,568,574690
-9.794902801513672,-9.629838,1650.644,0.596048,0.00013787461,-81.0,569,575700
-9.8029146194458,-9.638298,1646.1641,0.6395127,3.3143784e-05,-44.6,570,576710
-9.789007186889648,-9.625016,1639.9099,0.47869897,4.3598215e-05,-26.4,571,577720
-9.803267478942871,-9.63993,1633.3748,0.5045853,0.0011092044,-26.4,572,578730
-9.795717239379883,-9.633062,1626.55,0.5636391,2.2884913e-05,-62.8,573,579740
-9.802536964416504,-9.64045,1620.8723,0.66554046,7.214261e-05,10.0,574,580750
-9.78023910522461,-9.618846,1613.9275,0.48818946,0.00031766627,-62.8,575,581760
-9.782902717590332,-9.622233,1606.6953,0.61952525,0.0002616092,-26.4,576,582770
-9.790048599243164,-9.6299715,1600.7737,0.49184933,0.00019956553,10.0,577,583780
-9.786962509155273,-9.627508,1594.5408,0.42703813,0.0003917996,-26.4,578,584790
-9.782782554626465,-9.624084,1586.9841,0.4341635,2.848228e-05,-62.8,579,585800
-9.787864685058594,-9.629837,1580.2773,0.51727533,1.4230158e-05,-41.4,580,586810
-9.820098876953125,-9.662641,1574.5818,1.1387805,8.875945e-06,-62.8,581,587820
-9.809062004089355,-9.652304,1567.5874,0.9264914,0.00017254057,-44.6,582,588830
-9.804925918579102,-9.648408,1565.1792,0.88963306,0.00045251005,46.4,583,589840
-9.780252456665039,-9.624167,1560.8486,0.5077109,0.00012595452,-8.2,584,590850
-9.773210525512695,-9.617005,1562.0532,0.5646435,0.00014145725,10.0,585,591860
-9.785860061645508,-9.629966,1558.9404,0.52441126,0.0009383318,-44.6,586,592870
-9.77597713470459,-9.620576,1554.0154,0.4411735,9.8718854e-05,-62.8,587,593880
-9.78161334991455,-9.62625,1553.6287,0.44452125,0.0001478604,13.2,588,594890
-9.78477668762207,-9.6299095,1548.6763,0.4969797,0.00018390772,-62.8,589,595900
-9.78183650970459,-9.627515,1543.2205,0.45513508,0.00020242516,-5.0,590,596910
-9.791546821594238,-9.637413,1541.3354,0.6649672,4.3535692e-05,-26.4,591,597920
-9.766250610351562,-9.612245,1540.063,0.45971483,0.00014792765,-8.2,592,598930
-10.113870620727539,-9.959905,1539.6558,5.3870506,6.8279674e-05,-5.0,593,599940
-9.774231910705566,-9.620487,1537.4458,0.48755717,0.00048118562,-5.0,594,600950
-9.68924617767334,-9.535786,1534.6089,0.47088236,0.0007867724,-26.4,595,601960
-9.679844856262207,-9.526261,1535.8354,0.6616491,0.0017022812,-11.5,596,602970
-9.248470306396484,-9.093423,1550.4746,0.93126523,0.00061639876,-8.2,597,603980
-9.134673118591309,-8.97753,1571.4375,0.88130873,0.000325571,-5.0,598,604990
-7.6999592781066895,-7.5399165,1600.4263,0.95955485,0.0010062896,43.2,599,606000
-6.833136558532715,-6.66821,1649.2673,0.9533741,0.0003604953,22.8,600,607010
-6.352531909942627,-6.1804366,1720.9546,2.1664796,0.0007102666,21.8,601,608020
-2.738197088241577,-2.5572555,1809.415,0.88232434,0.00062905607,28.2,602,609030
-0.28332746028900146,-0.08914083,1941.8662,0.53726375,0.00035955038,-1.8,603,610040
0.19002968072891235,0.3971885,2071.5884,1.0842686,0.00013205248,-20.0,604,611050
1.2842077016830444,1.5047837,2205.7607,0.9029354,0.00020531706,-62.8,605,612060
2.3793437480926514,2.613364,2340.2034,0.60040283,0.00043775627,-26.4,606,613070
1.8133586645126343,2.0618637,2485.0503,0.7303033,0.0006335519,-59.6,607,614080
3.486372232437134,3.7490315,2626.5933,0.6588334,0.0006004083,-62.8,608,615090
3.9540109634399414,4.231594,2775.8325,0.72376966,0.0003370928,-81.0,609,616100
4.713586807250977,5.0063667,2927.7983,0.72325903,0.0010828058,-77.8,610,617110
5.154602527618408,5.4618697,3072.6716,0.6822119,0.0010297147,-77.8,611,618120
6.069955348968506,6.3923483,3223.9307,0.5827631,0.00017034734,-62.8,612,619130
5.04022216796875,5.374859,3346.3687,0.7785103,0.000863035,-26.4,613,620140
5.874777317047119,6.221888,3471.1064,0.5934391,0.0002967441,-26.4,614,621150
6.891958713531494,7.251153,3591.942,0.6327684,0.00046554464,10.0,615,622160
4.492795944213867,4.864498,3717.0195,0.6235628,0.00088129746,-8.2,616,623170
8.562479019165039,8.945886,3834.0684,0.4454369,0.00041264636,25.0,617,624180
6.634574890136719,7.027429,3928.542,0.4613699,0.00029553584,28.2,618,625190
7.143564701080322,7.5464153,4028.5068,0.66987777,0.00020723935,-8.2,619,626200
8.453377723693848,8.865733,4123.556,0.43316853,0.00021382769,31.4,620,627210
8.806557655334473,9.229801,4232.4355,0.4713403,0.00027226948,36.7,621,628220
8.546697616577148,8.979111,4324.127,0.3941425,0.000118723874,40.0,622,629230
8.009469985961914,8.451473,4420.032,0.46312475,8.538795e-05,82.8,623,630240
8.8753662109375,9.326763,4513.9707,0.40715104,0.00026245267,101.0,624,631250
8.892592430114746,9.353058,4604.658,0.37225288,0.0001401998,59.8,625,632260
9.519105911254883,9.988611,4695.0537,0.39843184,0.00047894698,51.6,626,633270
10.479452133178711,10.957318,4778.661,0.33919346,0.00026899046,39.9,627,634280
7.342342376708984,7.8255897,4832.4707,0.39842778,9.760877e-05,79.6,628,635290
8.739922523498535,9.228553,4886.302,0.4699966,0.0014581105,97.8,629,636300
6.77738094329834,7.269673,4922.918,0.5590714,0.009532089,79.6,630,637310
8.902719497680664,9.400831,4981.116,0.51509786,0.0008725874,58.2,631,638320
11.027406692504883,11.530253,5028.4707,0.24640658,0.00019390958,82.8,632,639330
7.907423496246338,8.41501,5075.8687,0.44822434,0.0015147907,73.1,633,640340
9.142011642456055,9.655223,5132.1133,0.22594142,0.0003608558,82.8,634,641350
8.849815368652344,9.370789,5209.729,0.23503622,5.374116e-05,64.6,635,642360
10.083660125732422,10.613399,5297.385,0.29090363,0.00021763719,101.0,636,643370
10.773662567138672,11.311567,5379.048,0.32309985,0.0005140089,101.0,637,644380
9.236740112304688,9.780407,5436.67,0.22825244,0.00065793743,101.0,638,645390
10.27056884765625,10.818155,5475.866,0.23818967,0.0001213044,101.0,639,646400
9.962782859802246,10.514183,5513.9985,0.22189508,0.00012628619,82.8,640,647410
9.831534385681152,10.386176,5546.4214,0.29149246,0.000109182016,58.1,641,648420
9.3371000289917,9.894826,5577.256,0.3718577,0.0009959858,64.6,642,649430
10.60177230834961,11.159649,5578.766,0.1820925,0.0003360508,97.8,643,650440
10.378355026245117,10.940047,5616.9253,0.2674864,0.00044063965,64.6,644,651450
10.441303253173828,11.00558,5642.7666,0.22480968,0.00063461944,64.6,645,652460
9.925949096679688,10.49167,5657.2026,0.21014474,0.0014096539,101.0,646,653470
8.843710899353027,9.411324,5676.1265,0.16832328,0.0006211158,46.4,647,654480
9.626158714294434,10.194385,5682.2593,0.23110107,2.6555315e-05,64.6,648,655490
9.825937271118164,10.395745,5698.0767,0.67309296,0.00059381843,43.2,649,656500
10.34495735168457,10.915403,5704.464,0.18100081,0.00013163098,101.0,650,657510
9.848435401916504,10.418058,5696.2275,0.19830513,0.00012318601,61.4,651,658520
9.103867530822754,9.674267,5703.9956,0.31110644,0.00051948614,82.8,652,659530
10.257996559143066,10.831096,5730.9897,0.28922546,0.0003256251,36.7,653,660540
9.416083335876465,9.991875,5757.9146,0.25266108,0.0012167279,64.6,654,661550
10.344283103942871,10.922227,5779.4365,0.25303853,0.00073482504,43.2,655,662560
8.605244636535645,9.184685,5794.4053,0.27761894,0.0005600872,94.6,656,663570
11.136735916137695,11.717588,5808.524,0.19017246,0.0007704935,101.0,657,664580
9.002008438110352,9.584255,5822.472,0.21216413,0.000112045615,101.0,658,665590
10.617186546325684,11.199291,5821.048,0.15660629,0.0001901949,43.2,659,666600
10.848075866699219,11.431041,5829.6514,0.27399912,0.0010808426,94.6,660,667610
11.138895034790039,11.722501,5836.0576,0.40356928,0.00075235777,21.7,661,668620
10.039897918701172,10.625687,5857.888,0.15555745,0.0002763831,82.8,662,669630
10.532798767089844,11.120767,5879.6807,0.16428395,0.0002340883,64.6,663,670640
8.3420991897583,8.931183,5890.839,0.16415322,4.5261528e-05,64.6,664,671650
10.540665626525879,11.130693,5900.2812,0.17035477,0.00031489274,76.4,665,672660
9.185128211975098,9.775752,5906.236,0.16388538,0.00052872143,46.4,666,673670
10.35033130645752,10.940072,5897.404,0.32915682,0.00020260634,79.6,667,674680
9.555511474609375,10.146027,5905.1465,0.3820572,0.00022449146,82.8,668,675690
10.658062934875488,11.249645,5915.822,0.1779574,0.00028499027,64.6,669,676700
8.979129791259766,9.571225,5920.9507,0.18591984,0.00019847504,64.6,670,677710
10.24915885925293,10.842011,5928.5254,0.23975433,0.00013423467,97.8,671,678720
10.295182228088379,10.8905735,5953.915,0.1812089,0.00017907617,64.6,672,679730
9.414958000183105,10.011143,5961.8496,0.18150213,0.00038628504,61.4,673,680740
8.844295501708984,9.439361,5950.6494,0.20577219,0.00024749924,61.4,674,681750
4.329975128173828,4.9255133,5955.3823,0.19206297,0.00017996303,46.4,675,682760
10.321100234985352,10.917756,5966.559,0.2688616,3.648598e-05,46.4,676,683770
10.386896133422852,10.98618,5992.846,0.24343862,7.163151e-05,46.4,677,684780
9.124862670898438,9.726419,6015.5674,0.092277735,0.00083511934,101.0,678,685790
9.754140853881836,10.358489,6043.4854,0.26904935,0.00010743138,46.4,679,686800
10.070627212524414,10.675048,6044.21,0.15522851,0.00018069235,79.6,680,687810
6.306551456451416,6.908029,6014.7764,0.21312165,0.000975678,82.8,681,688820
9.970311164855957,10.57014,5998.2896,0.19482389,0.00013337878,97.8,682,689830
10.385018348693848,10.984333,5993.1426,0.3972434,0.00010867657,79.6,683,690840
9.596120834350586,10.193552,5974.3115,0.14707014,0.0004159759,94.5,684,691850
10.10177993774414,10.70063,5988.499,0.20059207,7.234132e-05,82.8,685,692860
9.117731094360352,9.717582,5998.5083,0.1855346,0.00048895134,64.6,686,693870
9.147059440612793,9.745573,5985.1357,0.29613036,0.00078696123,101.0,687,694880
9.591339111328125,10.190191,5988.52,0.16003957,9.448152e-05,79.6,688,695890
9.563873291015625,10.163109,5992.3555,0.16769964,0.00033109906,91.3,689,696900
10.288542747497559,10.888602,6000.5957,0.46211058,0.0002586732,101.0,690,697910
8.73782730102539,9.339052,6012.2505,0.27127957,0.00042375518,82.8,691,698920
11.209031105041504,11.81207,6030.3857,0.14920284,4.270978e-05,61.4,692,699930
7.6749043464660645,8.281676,6067.72,0.17076579,0.0001402013,73.1,693,700940
11.024219512939453,11.628957,6047.378,0.13733569,8.6143766e-05,86.0,694,701950
9.73771858215332,10.340295,6025.7617,0.20985883,0.00034365334,61.4,695,702960
5.206555366516113,5.809413,6028.575,0.2264587,0.00115302,64.6,696,703970
8.407605171203613,9.011054,6034.492,0.25357553,0.03704156,86.0,697,704980
8.624194145202637,9.229454,6052.6,0.19266227,0.00044875627,86.0,698,705990
10.602250099182129,11.210051,6078.002,0.17356898,0.000119816716,79.6,699,707000
10.079171180725098,10.685343,6061.715,0.13013865,0.00018176647,97.8,700,708010
9.862621307373047,10.468538,6059.167,0.2586853,0.00070512446,67.8,701,709020
9.562674522399902,10.169253,6065.7915,0.14233825,0.00026413501,91.3,702,710030
8.600314140319824,9.20797,6076.5547,0.22112584,0.00033443666,76.4,703,711040
9.549445152282715,10.15566,6062.145,0.2604134,0.00025095645,64.6,704,712050
9.599952697753906,10.203497,6035.4473,0.20798324,0.00012664468,64.6,705,713060
10.41620922088623,11.017492,6012.835,0.21311517,0.00069469685,73.1,706,714070
10.259592056274414,10.86149,6018.9785,0.23459497,0.00047745186,82.8,707,715080
10.303173065185547,10.906783,6036.096,0.12751098,0.0004014053,58.2,708,716090
9.717391967773438,10.323281,6058.8965,0.20123528,0.000116612064,69.9,709,717100
10.254355430603027,10.862041,6076.8574,0.18653804,0.00022663805,76.4,710,718110
8.458586692810059,9.066824,6082.376,0.20100269,0.00019161351,72.7,711,719120
9.16786003112793,9.774027,6061.6704,0.1495459,0.001165389,79.6,712,720130
10.114198684692383,10.719737,6055.3857,0.20212714,0.00013103463,82.8,713,721140
11.341961860656738,11.947722,6057.6016,0.14524084,0.0002505066,21.8,714,722150
10.751493453979492,11.358054,6065.6045,0.12771182,0.00054091745,79.6,715,723160
7.796267986297607,8.402635,6063.667,0.33616212,0.00033764404,70.0,716,724170
11.194454193115234,11.799804,6053.4927,0.15417206,0.00017093697,46.4,717,725180
9.051406860351562,9.654675,6032.6777,0.23801064,0.00054538297,82.8,718,726190
9.382875442504883,9.984713,6018.3667,0.1922378,0.00016153938,79.6,719,727200
7.907059669494629,8.509626,6025.669,0.24685028,0.00017887421,31.4,720,728210
9.683616638183594,10.2858515,6022.345,0.16397053,0.00024335638,10.0,721,729220
9.10351848602295,9.7073965,6038.7847,0.28066257,6.880511e-05,97.8,722,730230
9.751729965209961,10.357574,6058.448,0.1645152,0.00020863292,101.0,723,731240
7.000286102294922,7.6099443,6096.583,0.11923973,4.2125437e-05,28.2,724,732250
7.717308521270752,8.325891,6085.819,0.19307446,0.00035625655,76.4,725,733260
8.891936302185059,9.500248,6083.119,0.1964643,7.5105374e-05,97.8,726,734270
8.585872650146484,9.195,6091.2715,0.15605892,0.00014231289,94.6,727,735280
9.796845436096191,10.406844,6099.991,0.28056443,0.00022229066,55.0,728,736290
8.50214958190918,9.111801,6096.5186,0.1586653,0.00026820044,73.2,729,737300
8.436227798461914,9.045895,6096.671,0.18434405,0.00023513996,81.7,730,738310
7.733107566833496,8.341475,6083.672,0.22390498,0.00013069873,94.6,731,739320
9.770340919494629,10.3798685,6095.28,0.15465301,0.0017819062,43.1,732,740330
8.54439640045166,9.1553135,6109.169,0.19382122,0.00022843028,55.0,733,741340
6.817049980163574,7.426506,6094.5586,0.21578315,0.0004919307,79.6,734,742350
9.713983535766602,10.322985,6090.0127,0.1956074,0.00023343843,58.2,735,743360
8.965498924255371,9.57342,6079.207,0.19668627,0.00021094552,45.2,736,744370
6.288844108581543,6.89734,6084.955,0.2641059,0.00017415722,46.4,737,745380
8.43884563446045,9.046418,6075.7295,0.31212872,0.0001763302,64.6,738,746390
7.669668197631836,8.277223,6075.5464,0.20414588,0.00050384115,79.6,739,747400
8.834699630737305,9.4439125,6092.128,0.16418684,0.00061414245,55.0,740,748410
10.48880386352539,11.098505,6097.0103,0.13410053,3.7389473e-05,81.7,741,749420
9.275355339050293,9.886023,6106.674,0.18534644,7.996389e-05,33.5,742,750430
8.376672744750977,8.988679,6120.0586,0.14020784,0.0001765008,64.6,743,751440
7.785971164703369,8.399415,6134.4404,0.21226054,0.000681908,72.1,744,752450
9.648911476135254,10.260211,6112.9937,0.167692,0.00013936077,79.6,745,753460
7.570493698120117,8.180633,6101.3896,0.2643438,0.00020975148,97.8,746,754470
9.465867042541504,10.076177,6103.0947,0.22376591,0.00024859596,76.4,747,755480
7.818422317504883,8.429501,6110.781,0.25733644,0.0006838152,36.7,748,756490
9.52691650390625,10.138837,6119.203,0.15996397,0.00033237739,39.5,749,757500
9.427257537841797,10.038893,6116.348,0.2167047,0.00018585716,21.3,750,758510
8.632957458496094,9.245267,6123.0967,0.14809717,0.0005854498,88.1,751,759520
8.7520751953125,9.363529,6114.5435,0.28348565,0.00014194977,76.4,752,760530
8.054784774780273,8.665061,6102.766,0.26102132,0.000862222,55.0,753,761540
9.288822174072266,9.899087,6102.644,0.23158629,0.0005631581,73.1,754,762550
4.305790901184082,4.9176016,6118.1094,0.22855386,0.00027636418,82.8,755,763560
9.482373237609863,10.094718,6123.4473,0.19965509,0.00030873466,28.2,756,764570
6.278836250305176,6.8915644,6127.2812,0.23018304,0.00019520818,76.4,757,765580
10.017253875732422,10.632016,6147.619,0.2202312,8.474042e-05,54.9,758,766590
7.187995910644531,7.804336,6163.4033,0.25515354,0.00032840486,76.4,759,767600
5.535467624664307,6.154338,6188.7007,0.22158529,0.00016515063,64.6,760,768610
4.385201930999756,5.004518,6193.1606,0.24458465,0.0002138531,79.6,761,769620
9.613866806030273,10.231717,6178.505,0.24668103,0.0002043726,48.5,762,770630
8.345780372619629,8.964574,6187.934,0.38136876,0.000199878,-14.6,763,771640
8.56665325164795,9.185648,6189.9434,0.23235834,0.00030748814,61.4,764,772650
9.389350891113281,10.008563,6192.1167,0.19445659,0.000789393,18.5,765,773660
7.57991886138916,8.197958,6180.389,0.16117515,5.989833e-05,19.6,766,774670
10.033123970031738,10.650945,6178.205,0.204148,0.00044962397,28.2,767,775680
8.477344512939453,9.094402,6170.5796,0.21248943,0.00019838758,63.5,768,776690
4.351330280303955,4.9674115,6160.8145,0.30139297,0.0001846745,-1.8,769,777700
9.376023292541504,9.991468,6154.451,0.2687866,8.776307e-05,9.9,770,778710
7.552456855773926,8.167319,6148.624,0.22798073,0.00020252117,44.9,771,779720
9.586995124816895,10.202599,6156.032,0.21818513,0.00045258278,13.2,772,780730
7.925006866455078,8.54154,6165.3315,0.32046998,0.0003465834,27.0,773,781740
9.83735466003418,10.454202,6168.468,0.26616815,0.00022284834,46.8,774,782750
7.3687028884887695,7.987068,6183.6533,0.22927113,0.00012402034,36.8,775,783760
0.4444481134414673,1.0625678,6181.1973,0.2110484,0.0003489488,64.6,776,784770
8.02911376953125,8.646841,6177.273,0.22208928,0.00041277392,33.0,777,785780
8.39711856842041,9.014641,6175.2246,0.17135864,0.00039104198,10.0,778,786790
9.463258743286133,10.082604,6193.4546,0.24994665,0.00021148128,35.2,779,787800
8.521137237548828,9.141284,6201.4727,0.37334892,8.225774e-05,61.4,780,788810
8.576155662536621,9.196339,6201.833,0.21877784,0.00033197994,46.4,781,789820
10.231861114501953,10.853151,6212.9023,0.16864245,0.0002473462,-15.8,782,790830
8.877256393432617,9.50082,6235.6396,0.24848354,0.00023979731,55.0,783,791840
10.0418062210083,10.665504,6236.982,0.24038516,0.00044610148,11.5,784,792850
6.544693946838379,7.1684766,6237.824,0.18987162,0.00043207366,61.3,785,793860
7.890756130218506,8.512388,6216.3213,0.2804871,0.00023473521,18.6,786,794870
8.274465560913086,8.893772,6193.0693,0.20503484,0.00031342864,54.9,787,795880
8.160954475402832,8.777921,6169.665,0.2278115,0.00023001754,66.6,788,796890
8.330564498901367,8.947155,6165.901,0.22644493,0.00058748235,18.5,789,797900
7.645227909088135,8.261458,6162.305,0.19996177,0.0002493768,31.4,790,798910
8.456014633178711,9.07332,6173.0615,0.24185617,0.000656334,34.6,791,799920
8.712045669555664,9.331829,6197.8345,0.19954824,0.00030213772,14.8,792,800930
9.039826393127441,9.659408,6195.8096,0.21637774,0.0004647532,10.0,793,801940
9.121000289916992,9.741433,6204.3267,0.2305251,0.00020130037,10.0,794,802950
6.176117897033691,6.7971873,6210.6953,0.22648144,0.00022382534,69.9,795,803960
6.382488250732422,7.0038033,6213.1514,0.2690206,0.00031195933,4.6,796,804970
9.458137512207031,10.078775,6206.376,0.26790726,0.0005409556,82.8,797,805980
8.02538776397705,8.645995,6206.075,0.15409707,0.0001484863,-8.2,798,806990
8.167327880859375,8.786354,6190.263,0.3004086,0.00056118326,46.4,799,808000
8.85025405883789,9.469207,6189.529,0.2519792,0.00023938983,46.4,800,809010
8.970732688903809,9.592562,6218.2935,0.2651137,0.0005327683,3.6,801,810020
5.738279342651367,6.3615313,6232.521,0.27646035,0.00041628003,28.2,802,811030
8.193365097045898,8.817828,6244.6274,0.18024406,0.00030623595,46.4,803,812040
7.8632612228393555,8.490086,6268.243,0.21597941,0.00023546783,3.6,804,813050
7.854026794433594,8.482135,6281.079,0.21597236,0.00023697788,6.7,805,814060
4.254072666168213,4.8817425,6276.6963,0.3254919,0.03257105,58.1,806,815070
8.223505973815918,8.851557,6280.5107,0.32300034,0.00048828044,-16.8,807,816080
8.708536148071289,9.337258,6287.2236,0.18018517,0.0011737177,28.2,808,817090
9.565120697021484,10.195159,6300.379,0.22835512,0.00023245583,46.4,809,818100
4.663382053375244,5.293775,6303.9297,0.25054312,0.00025468552,42.0,810,819110
9.548070907592773,10.178971,6309.004,0.238467,0.0003302827,58.2,811,820120
9.426290512084961,10.055937,6296.461,0.23506261,0.00025430988,13.2,812,821130
9.436873435974121,10.066558,6296.846,0.17080551,0.00025152758,67.8,813,822140
8.411161422729492,9.040457,6292.952,0.23848042,0.0007269352,64.6,814,823150
6.836959362030029,7.4673104,6303.5127,0.2503116,0.00033174816,13.2,815,824160
7.048867225646973,7.678253,6293.86,0.24031013,0.00024174582,43.2,816,825170
6.757339954376221,7.3865232,6291.834,0.2113033,0.00067813566,64.6,817,826180
9.313016891479492,9.939882,6268.6543,0.22854015,0.0003635267,13.2,818,827190
8.385703086853027,9.012479,6267.756,0.26324484,0.021910554,40.0,819,828200
8.499931335449219,9.127388,6274.5693,0.29272723,0.00070151105,40.0,820,829210
3.2669568061828613,3.894886,6279.293,0.25258544,0.0003306811,-8.2,821,830220
8.603256225585938,9.232133,6288.7656,0.22264208,0.0001852628,10.0,822,831230
9.645519256591797,10.276375,6308.558,0.25493336,0.0003138461,13.2,823,832240
6.789499282836914,7.420691,6311.916,0.19340815,0.00031244472,28.2,824,833250
6.762603282928467,7.3936234,6310.202,0.2289949,0.00035595888,43.2,825,834260
8.054530143737793,8.684985,6304.553,0.19045013,0.00024828047,28.2,826,835270
9.193475723266602,9.825127,6316.506,0.18670829,0.00136479,64.6,827,836280
8.536762237548828,9.170078,6333.165,0.26981503,0.00043972206,10.0,828,837290
9.402023315429688,10.035826,6338.0225,0.19861555,0.00019419636,49.6,829,838300
7.093479633331299,7.727192,6337.122,0.3019503,0.00076991227,-26.4,830,839310
8.015115737915039,8.646572,6314.5654,0.24900898,0.0008237483,16.4,831,840320
9.342768669128418,9.972192,6294.2305,0.27385777,0.0006904561,82.8,832,841330
8.375092506408691,9.004985,6298.927,0.21365255,0.0002476798,10.0,833,842340
9.162816047668457,9.793324,6305.087,0.22273564,0.0008700329,10.0,834,843350
8.38046932220459,9.010944,6304.749,0.19551821,0.00021291788,64.6,835,844360
3.905719518661499,4.5369244,6312.048,0.30001533,0.0007610641,84.8,836,845370
7.385014057159424,8.0151005,6300.866,0.2676406,0.0008358801,-8.2,837,846380
9.178057670593262,9.807138,6290.806,0.2430085,0.00020183742,71.0,838,847390
8.312010765075684,8.941124,6291.13,0.25496322,0.000471549,79.6,839,848400
7.698585033416748,8.326645,6280.5996,0.22517803,0.0006700633,82.8,840,849410
9.119083404541016,9.748241,6291.5815,0.20335057,0.00027141278,43.2,841,850420
9.232449531555176,9.860751,6283.0156,0.21742636,0.00031672145,97.8,842,851430
7.6629486083984375,8.291608,6286.5913,0.31120062,0.0010375956,46.4,843,852440
7.615710258483887,8.245616,6299.058,0.15926474,0.00028895418,46.4,844,853450
8.657163619995117,9.287295,6301.3223,0.15380508,0.0002749249,46.4,845,854460
8.288254737854004,8.918379,6301.2373,0.19680649,0.00029267467,67.8,846,855470
8.999589920043945,9.630558,6309.6816,0.25865024,0.00035442098,28.2,847,856480
7.6815714836120605,8.311943,6303.7163,0.17355163,0.0005358848,43.2,848,857490
9.574230194091797,10.20479,6305.6006,0.16362669,0.00036851177,25.0,849,858500
10.193845748901367,10.825344,6314.9814,0.17684081,0.00011322027,10.0,850,859510
8.976964950561523,9.606937,6299.7197,0.23867212,0.0008019286,-26.4,851,860520
7.2474236488342285,7.8768024,6293.787,0.20948,0.00025896053,58.2,852,861530
8.176127433776855,8.804384,6282.5713,0.24886021,0.025558779,28.2,853,862540
3.6297285556793213,4.258248,6285.1934,0.22821581,0.00029439072,58.1,854,863550
8.858010292053223,9.48649,6284.797,0.20986548,0.0008291655,43.2,855,864560
8.350239753723145,8.9785795,6283.3945,0.26289493,0.0003078925,10.0,856,865570
8.701483726501465,9.330296,6288.115,0.22902046,0.00045778023,82.8,857,866580
8.924370765686035,9.55422,6298.4946,0.20151354,0.00024564902,43.2,858,867590
8.96023178100586,9.592878,6326.465,0.20378613,0.00059032126,39.9,859,868600
7.634153366088867,8.267858,6337.041,0.21536815,0.00021757904,21.8,860,869610
8.873745918273926,9.509823,6360.7695,0.23331195,0.00019072497,28.2,861,870620
7.645264625549316,8.282797,6375.3223,0.22923437,0.00017185425,64.6,862,871630
8.442351341247559,9.079706,6373.545,0.23702171,0.03133872,64.6,863,872640
7.8679094314575195,8.504784,6368.744,0.25962415,0.00028205512,61.4,864,873650
7.197588920593262,7.833271,6356.8223,0.17920607,0.0004902579,6.8,865,874660
8.839720726013184,9.477184,6374.633,0.20719346,0.00042245563,28.2,866,875670
8.534998893737793,9.172205,6372.0566,0.18595235,0.00014404752,64.6,867,876680
9.335066795349121,9.971755,6366.883,0.19754377,0.00021489838,97.8,868,877690
8.943312644958496,9.579988,6366.749,0.24265727,0.00034376027,64.6,869,878700
7.921999454498291,8.557784,6357.847,0.25155756,0.00015386211,61.4,870,879710
8.434786796569824,9.070335,6355.486,0.2662101,0.00043944424,67.8,871,880720
8.285868644714355,8.921891,6360.2266,0.1934435,0.00030286633,82.8,872,881730
9.643583297729492,10.281494,6379.1084,0.22195292,0.0002983214,31.4,873,882740
9.07686996459961,9.717012,6401.426,0.1936803,0.00034951267,28.2,874,883750
8.333169937133789,8.9713745,6382.042,0.2173361,0.00044768606,64.6,875,884760
9.07192611694336,9.710061,6381.352,0.22587903,0.00023757161,61.4,876,885770
9.202166557312012,9.839071,6369.046,0.2646285,0.0007854704,40.0,877,886780
8.956764221191406,9.59339,6366.267,0.18925679,0.00038834935,64.6,878,887790
2.770988941192627,3.4085455,6375.5664,0.27731583,0.00037487288,97.8,879,888800
9.06086254119873,9.69963,6387.6733,0.17994586,0.00025206376,67.8,880,889810
9.06585693359375,9.706475,6406.1816,0.23064429,0.0001263583,61.4,881,890820
9.630114555358887,10.271296,6411.812,0.22465381,0.0007662203,64.6,882,891830
6.867743015289307,7.508981,6412.382,0.19728997,0.0004856656,40.0,883,892840
8.358942985534668,8.998996,6400.5303,0.24394964,0.0004035156,61.4,884,893850
7.568493366241455,8.207763,6392.6943,0.2699104,0.000117785174,64.6,885,894860
7.37479305267334,8.012853,6380.5938,0.34675574,0.00019494377,28.2,886,895870
9.428829193115234,10.067034,6382.045,0.19005626,0.00035377732,10.0,887,896880
5.104150772094727,5.74485,6406.996,0.23315722,0.00035678002,31.4,888,897890
8.604358673095703,9.245613,6412.5405,0.2382021,0.0001653846,28.2,889,898900
9.2424898147583,9.883257,6407.669,0.16666484,0.00024201427,28.2,890,899910
7.970566749572754,8.610948,6403.808,0.15947421,0.026983688,64.6,891,900920
9.739771842956543,10.381466,6416.942,0.17077371,0.00044793013,101.0,892,901930
9.30587387084961,9.949641,6437.673,0.24234173,0.00041830575,28.2,893,902940
9.386363983154297,10.030738,6443.7354,0.20527306,0.00040749658,46.4,894,903950
7.048721790313721,7.6939435,6452.217,0.22541481,0.00027737004,49.6,895,904960
8.950363159179688,9.593681,6433.1816,0.18723032,0.00020687094,79.6,896,905970
8.83607292175293,9.478701,6426.28,0.21689408,0.0005182207,79.6,897,906980
8.619022369384766,9.262709,6436.867,0.23156482,0.00020817216,61.4,898,907990
8.816620826721191,9.461219,6445.9844,0.23772225,0.000565315,46.4,899,909000
9.359631538391113,10.004964,6453.3213,0.23550896,0.00020680866,82.8,900,910010
7.594571113586426,8.239677,6451.0645,0.2184233,0.00053426914,58.2,901,911020
6.717079162597656,7.361821,6447.4214,0.200101,0.00065822183,13.2,902,912030
9.843817710876465,10.488579,6447.608,0.19009042,0.00021594204,28.2,903,913040
9.445260047912598,10.089816,6445.559,0.19145148,0.0002472593,28.2,904,914050
9.04857349395752,9.692828,6442.5474,0.23622553,0.00092352706,46.4,905,915060
8.498119354248047,9.144182,6460.631,0.22703356,0.00020224212,64.6,906,916070
6.414468288421631,7.0609655,6464.9717,0.2371634,0.000253221,-5.0,907,917080
8.23888874053955,8.885292,6464.033,0.19252962,0.00017677131,76.4,908,918090
7.078523635864258,7.7240567,6455.332,0.29016358,0.00023162541,76.4,909,919100
8.512106895446777,9.1585245,6464.1733,0.22858042,0.0006272243,46.4,910,920110
9.462538719177246,10.111263,6487.247,0.20389026,0.0003927124,46.4,911,921120
8.10593318939209,8.755743,6498.0977,0.17707172,0.00036411168,25.0,912,922130
7.721964359283447,8.371215,6492.5034,0.18253846,0.022308212,64.6,913,923140
7.372347354888916,8.021949,6496.0146,0.22099265,0.00037713934,58.2,914,924150
8.291596412658691,8.941373,6497.7617,0.1748643,0.00037901933,79.6,915,925160
8.913777351379395,9.564307,6505.2954,0.29394013,0.0010249136,58.2,916,926170
9.93419075012207,10.584748,6505.575,0.16149896,0.00020854783,55.0,917,927180
9.218293190002441,9.870568,6522.7485,0.15091455,0.00037610024,46.4,918,928190
8.299110412597656,8.951743,6526.3286,0.12960716,0.0005340204,52.8,919,929200
9.565621376037598,10.217652,6520.308,0.18951109,0.000602809,76.4,920,930210
7.040548324584961,7.6931076,6525.593,0.24393985,0.00037566738,31.4,921,931220
9.5325927734375,10.185644,6530.5156,0.24111952,0.0008542834,49.6,922,932230
9.00931167602539,9.661161,6518.502,0.16465062,0.00022617208,10.0,923,933240
9.02944564819336,9.680937,6514.916,0.24959777,0.00020606426,49.6,924,934250
8.529936790466309,9.181236,6512.9917,0.15468702,0.00036372503,88.1,925,935260
6.090908527374268,6.7424107,6515.0234,0.16898821,0.030506968,64.6,926,936270
7.384357929229736,8.036824,6524.664,0.19139028,0.00025198414,25.0,927,937280
8.939291000366211,9.591993,6527.025,0.21354839,0.00036573556,25.0,928,938290
8.652637481689453,9.305731,6530.9297,0.15822993,0.0003061116,46.4,929,939300
4.070171356201172,4.72461,6544.3867,0.27577484,0.0006796565,46.4,930,940310
0.5523723363876343,1.2052703,6528.9795,0.24295522,0.0008334369,43.2,931,941320
8.320796012878418,8.972706,6519.096,0.2685488,0.00079860276,39.9,932,942330
9.184033393859863,9.835809,6517.758,0.22614715,0.0006951338,94.6,933,943340
8.125946044921875,8.779015,6530.6816,0.25057924,0.0010706931,64.6,934,944350
7.466104030609131,8.119754,6536.499,0.23598966,0.00053295906,39.9,935,945360
6.245787620544434,6.8988605,6530.7285,0.1998361,0.00038959534,82.8,936,946370
10.152008056640625,10.805535,6535.271,0.2155734,0.00042280977,82.8,937,947380
9.567832946777344,10.222362,6545.291,0.25995943,0.0005413737,46.4,938,948390
9.08974552154541,9.744669,6549.2334,0.24744591,0.000290884,24.9,939,949400
8.258930206298828,8.914131,6552.005,0.21524575,0.00029165525,28.2,940,950410
9.564276695251465,10.221286,6570.092,0.19709401,0.0004303691,46.4,941,951420
9.441947937011719,10.100302,6583.534,0.22401552,0.00014420437,69.9,942,952430
9.065946578979492,9.722825,6568.784,0.16292042,0.0004612616,28.2,943,953440
8.60509204864502,9.261737,6566.447,0.19401754,0.00045480762,36.7,944,954450
9.263961791992188,9.921415,6574.5312,0.15580177,0.00029083976,51.6,945,955460
9.336081504821777,9.994602,6585.21,0.16533652,0.0001767217,43.2,946,956470
6.597566604614258,7.2550025,6574.3564,0.21519904,0.00029995458,64.6,947,957480
8.838666915893555,9.496223,6575.5684,0.17645049,0.00013673374,3.6,948,958490
7.7987494468688965,8.45624,6574.905,0.20269275,0.0006546367,28.2,949,959500
8.853873252868652,9.514296,6604.2236,0.25044435,0.00035265784,82.8,950,960510
9.309125900268555,9.97072,6615.9463,0.21132487,0.00045625097,61.4,951,961520
9.371949195861816,10.033647,6616.9746,0.16071421,0.0004025504,33.5,952,962530
8.356234550476074,9.017416,6611.8105,0.21612433,0.00035032383,49.6,953,963540
8.098329544067383,8.757768,6594.384,0.25050277,0.0004970173,51.7,954,964550
9.401225090026855,10.0601845,6589.5957,0.16956086,0.000515928,40.0,955,965560
8.412386894226074,9.071534,6591.4727,0.23153907,0.0003163584,79.6,956,966570
9.851313591003418,10.511778,6604.6436,0.23908497,0.00015468126,25.0,957,967580
8.951390266418457,9.612629,6612.3867,0.2190384,0.00043941254,101.0,958,968590
9.597150802612305,10.258837,6616.861,0.18825454,0.00041905537,36.7,959,969600
8.661056518554688,9.322772,6617.1504,0.18457538,0.00042787622,46.4,960,970610
9.418354988098145,10.08068,6623.247,0.23333131,0.00032029455,58.1,961,971620
9.84922981262207,10.512414,6631.8447,0.17793648,0.00056143303,84.9,962,972630
10.302091598510742,10.966289,6641.9688,0.17748214,0.0003186571,52.8,963,973640
10.531259536743164,11.195932,6646.7334,0.12906949,0.00038339576,21.8,964,974650
7.028433322906494,7.6940556,6656.2236,0.21149313,0.055692654,25.0,965,975660
8.490309715270996,9.155379,6650.7,0.20761114,0.0003573283,40.0,966,976670
9.061667442321777,9.726689,6650.2163,0.2277721,0.00029938188,18.5,967,977680
7.924751281738281,8.588979,6642.2744,0.24240488,0.00019267556,3.5,968,978690
8.246821403503418,8.911095,6642.735,0.2309968,0.0006777278,58.2,969,979700
9.475568771362305,10.141068,6654.992,0.20213622,0.00016048153,-8.2,970,980710
8.978315353393555,9.645291,6669.7627,0.18811461,0.0005053172,51.8,971,981720
8.635795593261719,9.303636,6678.401,0.23938662,0.00016641663,76.4,972,982730
7.999505043029785,8.667764,6682.585,0.18541346,0.00042817468,-23.2,973,983740
9.363163948059082,10.030477,6673.131,0.2763287,0.00039128432,-20.0,974,984750
9.576651573181152,10.243468,6668.1704,0.17914015,0.0005562973,-1.8,975,985760
9.975309371948242,10.643325,6680.1504,0.18501216,0.00035695586,76.4,976,986770
8.84357738494873,9.512216,6686.382,0.16384208,0.0001661332,64.6,977,987780
10.296553611755371,10.965615,6690.621,0.19588631,0.00026442023,-20.0,978,988790
8.266819953918457,8.936405,6695.8555,0.18124343,0.0006831594,-29.6,979,989800
7.98839807510376,8.657621,6692.234,0.19309202,0.00035901132,-8.2,980,990810
8.108358383178711,8.776291,6679.3203,0.18426418,0.00033300783,49.6,981,991820
10.545108795166016,11.213112,6680.0312,0.16192287,0.0002787839,40.0,982,992830
10.576616287231445,11.243914,6672.9785,0.21241009,0.0005544372,39.9,983,993840
9.186592102050781,9.853432,6668.392,0.21420917,0.00090698805,46.4,984,994850
10.172927856445312,10.839036,6661.077,0.15802792,0.00018830741,18.5,985,995860
8.521202087402344,9.188109,6669.074,0.24332002,0.0005734536,18.6,986,996870
9.96922779083252,10.635216,6659.88,0.15403181,0.0003032896,0.3,987,997880
9.726714134216309,10.393279,6665.6465,0.2875566,0.00038171167,79.6,988,998890
8.679837226867676,9.347604,6677.6665,0.2042063,0.022351064,-17.9,989,999900
9.679923057556152,10.347931,6680.077,0.20645186,0.0008681404,-5.0,990,1000910
8.987384796142578,9.656364,6689.793,0.25441766,0.0005521662,-8.2,991,1001920
10.316505432128906,10.987161,6706.55,0.17539553,0.00038750088,-26.4,992,1002930
7.951482772827148,8.621351,6698.6826,0.18342882,0.00037567195,25.0,993,1003940
9.075784683227539,9.745974,6701.89,0.19518627,0.00020163905,46.4,994,1004950
9.821839332580566,10.493602,6717.627,0.16323948,0.0012636423,28.2,995,1005960
9.415910720825195,10.087988,6720.7754,0.1721699,0.00032804377,61.4,996,1006970
9.40412712097168,10.07661,6724.8276,0.21215323,0.0002544979,-38.2,997,1007980
10.611944198608398,11.284017,6720.7236,0.27456862,0.0007756011,10.0,998,1008990
8.968344688415527,9.641476,6731.314,0.17611274,0.00035865002,25.0,999,1010000
