ELBO_task,loglikelihood_task,KL_loss_task,Pred_obs_loss_task,Pred_rew_loss_task,Pred_obs_loss,Pred_rew_loss,ELBO,loglikelihood,KL_loss,AverageReturn,Epoch,SampleStep
-581055545344.0,-581055550000.0,80424.03,213358020.0,6580762.5,0,0,0,0,0,-23.794834631828873,49,5000
-23101945856.0,-23101946000.0,80097.055,38540850.0,1428877.8,0,0,0,0,0,-28.354907718677865,50,5100
-11436355584.0,-11436356000.0,79952.0,33921310.0,1930170.9,0,0,0,0,0,-20.38546208131816,53,5400
-2378856192.0,-2378856200.0,79737.11,30817014.0,1549305.0,0,0,0,0,0,-18.36081037271318,56,5700
-626764864.0,-626764860.0,79642.42,29186076.0,1570688.4,0,0,0,0,0,-11.536589017737183,59,6000
-267084720.0,-267084720.0,79583.56,26751194.0,1778421.8,0,0,0,0,0,-18.884178239150298,62,6300
-49856156.0,-49856148.0,79558.28,27571844.0,1863496.6,0,0,0,0,0,16.157540313277245,65,6600
-15921740.0,-15921732.0,79547.05,23568414.0,1875376.0,0,0,0,0,0,-0.04427470482174978,68,6900
-3052105.5,-3052097.5,79539.33,22715872.0,1656929.6,0,0,0,0,0,9.737774432547043,71,7200
-3207599.25,-3207591.2,79523.086,19262182.0,1615849.2,0,0,0,0,0,5.67034185216597,74,7500
-1998020.0,-1998012.0,79494.59,17294160.0,1223191.9,0,0,0,0,0,0.15771109677777453,77,7800
-2000216.5,-2000208.5,79466.19,14603552.0,910303.56,0,0,0,0,0,60.99650751200086,80,8100
-1240538.0,-1240530.0,79422.25,11957660.0,579220.94,0,0,0,0,0,4.373084271348822,83,8400
-1060063.375,-1060055.4,79385.79,9408743.0,518639.6,0,0,0,0,0,42.796401817582364,86,8700
-778142.25,-778134.3,79333.66,7715779.0,378281.12,0,0,0,0,0,-4.6088582182119024,89,9000
-673935.0625,-673927.1,79263.16,6160103.5,379850.12,0,0,0,0,0,15.745474659333917,92,9300
-498014.46875,-498006.56,79161.05,4863606.5,249522.48,0,0,0,0,0,2.352643913609517,95,9600
-357983.46875,-357975.56,79052.11,3604676.2,168476.1,0,0,0,0,0,-23.367651467888056,98,9900
-281996.875,-281988.97,78942.89,2769120.0,139737.88,0,0,0,0,0,-24.6747780193188,101,10200
-210569.78125,-210561.89,78853.22,1969032.5,114190.91,0,0,0,0,0,33.67215063535218,104,10500
-150556.625,-150548.75,78811.42,1508929.4,71513.14,0,0,0,0,0,-49.103056579030216,107,10800
-118703.734375,-118695.86,78781.64,1188286.6,56504.86,0,0,0,0,0,17.119393668047614,110,11100
-94899.1015625,-94891.22,78789.21,954135.1,44741.223,0,0,0,0,0,14.98220102827084,113,11400
-67157.046875,-67149.16,78871.07,736684.25,25488.783,0,0,0,0,0,21.301479708030453,116,11700
-52387.41796875,-52379.516,79007.25,569752.6,20355.205,0,0,0,0,0,33.95562526797276,119,12000
-37079.98046875,-37072.06,79206.55,422907.62,12418.176,0,0,0,0,0,-20.83517378346648,122,12300
-27152.22265625,-27144.275,79477.89,320569.25,7980.626,0,0,0,0,0,-4.008124395832905,125,12600
-20450.55078125,-20442.566,79847.016,241947.67,5938.923,0,0,0,0,0,62.819903817793985,128,12900
-15690.5966796875,-15682.572,80243.78,181335.19,4965.795,0,0,0,0,0,20.673456475736383,131,13200
-11484.822265625,-11476.754,80687.23,141401.83,2743.7263,0,0,0,0,0,36.0576390502574,134,13500
-7994.578125,-7986.457,81209.46,97837.68,1942.1406,0,0,0,0,0,15.94429673731766,137,13800
-6342.02490234375,-6333.8447,81799.47,78399.79,1443.6799,0,0,0,0,0,-27.556680376517214,140,14100
-4430.529296875,-4422.2915,82375.68,57624.53,696.292,0,0,0,0,0,3.42389281064456,143,14400
-3699.00048828125,-3690.7104,82900.08,47637.625,613.8429,0,0,0,0,0,-11.872703090460849,146,14700
-2866.63134765625,-2858.2932,83380.445,36830.668,464.3836,0,0,0,0,0,22.45945191391269,149,15000
-2178.99755859375,-2170.6104,83873.266,28258.848,305.29993,0,0,0,0,0,54.34073994881774,152,15300
-1502.8165283203125,-1494.3816,84349.65,19410.8,190.76648,0,0,0,0,0,21.87299762660242,155,15600
-1035.067138671875,-1026.5894,84777.73,12829.884,157.54959,0,0,0,0,0,20.51044433369768,158,15900
-561.881591796875,-553.3646,85169.45,6814.784,59.722687,0,0,0,0,0,-43.9629828235148,161,16200
-361.7713623046875,-353.22238,85489.766,3996.4927,45.779385,0,0,0,0,0,4.5533176256718715,164,16500
-262.2668151855469,-253.70407,85627.38,2709.8977,27.369583,0,0,0,0,0,-7.358788882080986,167,16800
-269.208984375,-260.64325,85657.41,2860.2666,22.587523,0,0,0,0,0,-6.360457747684533,170,17100
-691.2564697265625,-682.718,85384.58,8061.838,126.177124,0,0,0,0,0,-11.342826814344505,173,17400
-451.5934143066406,-443.0781,85153.21,5410.6333,37.15506,0,0,0,0,0,26.311208467202146,176,17700
-321.064208984375,-312.56906,84951.55,3572.1143,28.13932,0,0,0,0,0,-6.5049606626523016,179,18000
-231.44679260253906,-222.97491,84718.734,2312.2646,21.720953,0,0,0,0,0,-17.420898497786144,182,18300
-182.3709259033203,-173.92145,84494.75,1623.2983,18.125837,0,0,0,0,0,45.220661509417134,185,18600
-138.77395629882812,-130.34444,84295.16,1041.565,11.900588,0,0,0,0,0,-22.641229621000587,188,18900
-118.80805206298828,-110.40043,84076.23,777.7722,8.806386,0,0,0,0,0,-43.13471268452494,191,19200
-99.52936553955078,-91.14991,83794.55,496.84143,8.450827,0,0,0,0,0,9.60178119212298,194,19500
-93.407470703125,-85.06944,83380.27,427.28516,6.420686,0,0,0,0,0,-10.686534978825536,197,19800
-81.7261962890625,-73.44304,82831.61,275.05228,4.4623356,0,0,0,0,0,-33.33209783525849,200,20100
-70.3543472290039,-62.149864,82044.86,105.231064,4.7552834,0,0,0,0,0,-25.601476212675923,203,20400
-125.8161392211914,-117.716095,81000.44,893.06525,8.088249,0,0,0,0,0,-9.162172482741111,206,20700
-81.83723449707031,-73.82589,80113.42,286.57086,3.8762655,0,0,0,0,0,35.520181820066014,209,21000
-83.17526245117188,-75.25205,79232.14,298.66565,4.774384,0,0,0,0,0,23.978322679648386,212,21300
-75.01873779296875,-67.18247,78362.67,171.35115,5.5805254,0,0,0,0,0,-8.535816153277878,215,21600
-70.98966979980469,-63.237206,77524.625,133.3093,3.5543406,0,0,0,0,0,4.325187160047378,218,21900
-137.46469116210938,-129.78821,76764.91,1100.1353,5.2215643,0,0,0,0,0,-2.7058213415391115,221,22200
-87.15531921386719,-79.53369,76216.31,359.6014,5.008256,0,0,0,0,0,9.785804666727632,224,22500
-107.62684631347656,-100.043045,75838.02,674.50415,3.8269424,0,0,0,0,0,-34.12092063890146,227,22800
-67.8657455444336,-60.316868,75488.81,96.899124,2.8796513,0,0,0,0,0,-27.92824112415003,230,23100
-67.12400817871094,-59.609276,75147.33,79.868004,3.537075,0,0,0,0,0,11.462729340651629,233,23400
-66.56849670410156,-59.090042,74784.55,79.39905,2.8166375,0,0,0,0,0,43.47589331022101,236,23700
-67.16578674316406,-59.726997,74387.92,83.766205,3.3212273,0,0,0,0,0,3.243744822049448,239,24000
-67.08856964111328,-59.692543,73960.26,86.39976,3.0069587,0,0,0,0,0,63.91384617871735,242,24300
-64.22846221923828,-56.877487,73509.734,39.620514,3.5247574,0,0,0,0,0,18.62598059695442,245,24600
-76.94290924072266,-69.63188,73110.25,204.87326,5.848079,0,0,0,0,0,-7.564400709643884,248,24900
-64.8863525390625,-57.61295,72734.016,55.104374,3.0632496,0,0,0,0,0,53.90911435960907,251,25200
-63.41504669189453,-56.190353,72246.914,34.85208,2.9861488,0,0,0,0,0,-25.01366733501437,254,25500
-62.25980758666992,-55.094193,71656.15,27.047207,2.1467147,0,0,0,0,0,-43.60337437846893,257,25800
-62.448394775390625,-55.363274,70851.195,34.1594,1.833144,0,0,0,0,0,-20.36185339362738,260,26100
-116.82811737060547,-109.81525,70128.7,809.1068,4.808132,0,0,0,0,0,8.717868784664825,263,26400
-80.0325698852539,-73.06019,69723.84,278.0388,3.5979013,0,0,0,0,0,36.79033295614883,266,26700
-70.42289733886719,-63.499702,69231.94,140.82193,3.1909971,0,0,0,0,0,3.8585853786121285,269,27000
-68.98551177978516,-62.12647,68590.45,124.814026,2.7624087,0,0,0,0,0,1.082742995947516,272,27300
-65.37123107910156,-58.58059,67906.41,72.36679,2.7669907,0,0,0,0,0,-8.567718375403045,275,27600
-63.026824951171875,-56.318356,67084.69,45.32294,2.1282246,0,0,0,0,0,-8.26258127529625,278,27900
-63.99343490600586,-57.385094,66083.42,47.078384,3.5291157,0,0,0,0,0,-2.539441091824971,281,28200
-60.741859436035156,-54.23385,65080.094,21.382093,1.4417963,0,0,0,0,0,-4.0646120552760365,284,28500
-59.949058532714844,-53.56444,63846.18,12.98596,1.2921599,0,0,0,0,0,9.353412465404105,287,28800
-59.60441207885742,-53.377193,62272.203,13.690058,0.94503015,0,0,0,0,0,5.270296103945953,290,29100
-59.094539642333984,-53.04394,60505.977,9.509267,0.8706268,0,0,0,0,0,16.92580648447318,293,29400
-110.54576873779297,-104.600136,59456.36,544.04785,23.607096,0,0,0,0,0,17.233300004069132,296,29700
-85.39396667480469,-79.48018,59137.844,276.6267,13.226654,0,0,0,0,0,0.732555635617981,299,30000
-79.99595642089844,-74.106384,58895.72,224.99603,10.448263,0,0,0,0,0,25.768575505178315,302,30300
-68.0751953125,-62.212097,58630.953,110.80096,4.290263,0,0,0,0,0,33.31929772159795,305,30600
-66.67998504638672,-60.85043,58295.562,102.14322,3.1437445,0,0,0,0,0,-11.445680285028134,308,30900
-64.26362609863281,-58.475685,57879.42,75.274055,2.3212383,0,0,0,0,0,-25.701428277232303,311,31200
-67.77430725097656,-62.03998,57343.28,133.18279,1.797724,0,0,0,0,0,-62.448526718971976,314,31500
-60.21710205078125,-54.54158,56755.22,28.170824,1.2176911,0,0,0,0,0,47.64718222704725,317,31800
-59.127716064453125,-53.524536,56031.812,16.442234,0.88755065,0,0,0,0,0,-9.965201002123615,320,32100
-59.01601791381836,-53.51658,54994.383,17.146563,0.80536145,0,0,0,0,0,7.4989592081272525,323,32400
-58.21769332885742,-52.847843,53698.492,9.87162,0.5445939,0,0,0,0,0,-8.705128126147512,326,32700
-58.24789047241211,-53.046703,52011.883,12.782999,0.54733545,0,0,0,0,0,-42.013025184038874,329,33000
-73.01368713378906,-67.96245,50512.414,156.70505,8.197781,0,0,0,0,0,63.8240081392973,332,33300
-63.859466552734375,-58.849373,50100.93,68.657265,3.535158,0,0,0,0,0,-37.65254583612484,335,33600
-59.90799331665039,-54.938324,49696.703,30.581408,1.5629535,0,0,0,0,0,31.055555015343906,338,33900
-58.97529983520508,-54.06191,49133.906,22.260738,1.0998372,0,0,0,0,0,-13.710467729744025,341,34200
-58.31024169921875,-53.476265,48339.79,16.103624,0.850075,0,0,0,0,0,14.370377040519893,344,34500
-57.71988296508789,-52.988186,47316.96,10.742355,0.6649151,0,0,0,0,0,14.68569172752797,347,34800
-57.4186897277832,-52.817883,46008.08,9.157375,0.5717388,0,0,0,0,0,12.240722296897136,350,35100
-61.59634017944336,-57.138474,44578.668,71.04022,0.7684758,0,0,0,0,0,0.9131118877930252,353,35400
-57.18092727661133,-52.83468,43462.5,9.669613,0.54534113,0,0,0,0,0,-28.548203301656255,356,35700
-57.184814453125,-52.962395,42224.195,11.416222,0.5594219,0,0,0,0,0,6.047949625339757,359,36000
-64.84799194335938,-60.707516,41404.727,71.2271,6.0241547,0,0,0,0,0,-25.440768354994244,362,36300
-64.73889923095703,-60.603065,41358.316,65.192795,6.4732285,0,0,0,0,0,-0.9937214924878223,365,36600
-59.20943069458008,-55.06713,41423.004,27.241438,2.0872917,0,0,0,0,0,15.135344369271278,368,36900
-58.13762664794922,-53.997864,41397.613,19.366299,1.2946367,0,0,0,0,0,31.353252219932088,371,37200
-58.190486907958984,-54.063786,41267.016,18.908302,1.4378576,0,0,0,0,0,-9.457785186309758,374,37500
-57.48482894897461,-53.38362,41012.082,11.3924465,1.1842918,0,0,0,0,0,8.223594844664667,377,37800
-57.03153991699219,-52.971657,40598.844,9.720108,0.7427141,0,0,0,0,0,34.93463866442503,380,38100
-56.839378356933594,-52.83053,40088.492,7.8269796,0.72347176,0,0,0,0,0,21.95603656599973,383,38400
-56.665016174316406,-52.732765,39322.516,8.078171,0.5538735,0,0,0,0,0,17.679103023393782,386,38700
-56.56110763549805,-52.73505,38260.582,8.265503,0.53851575,0,0,0,0,0,54.97943546912229,389,39000
-58.94832229614258,-55.179783,37685.383,40.86479,0.8914436,0,0,0,0,0,2.267792369272884,392,39300
-57.092689514160156,-53.339237,37534.51,14.684973,0.78944194,0,0,0,0,0,-7.830717140466081,395,39600
-57.23514175415039,-53.51051,37246.312,18.962523,0.614802,0,0,0,0,0,27.89712447479089,398,39900
-56.455631256103516,-52.77757,36780.617,9.7714405,0.45075572,0,0,0,0,0,2.393475287670517,401,40200
-56.635494232177734,-53.009262,36262.33,12.927014,0.4775984,0,0,0,0,0,8.797717460621175,404,40500
-56.32688522338867,-52.748993,35778.93,8.241211,0.5615495,0,0,0,0,0,14.080063316947337,407,40800
-56.16364669799805,-52.647583,35160.633,7.821637,0.45364457,0,0,0,0,0,-3.5890545393180373,410,41100
-61.428192138671875,-57.97407,34541.223,64.40509,2.666839,0,0,0,0,0,4.283818344393317,413,41400
-56.50492858886719,-53.068115,34368.117,11.467501,0.710531,0,0,0,0,0,42.073848769689384,416,41700
-56.2422981262207,-52.835766,34065.336,9.960813,0.51782286,0,0,0,0,0,-7.757803704328898,419,42000
-56.355506896972656,-53.01596,33395.47,13.606698,0.41953838,0,0,0,0,0,3.9861752574149576,422,42300
-56.1478271484375,-52.867096,32807.31,9.623857,0.5978235,0,0,0,0,0,-6.9920230244984465,425,42600
-55.99729537963867,-52.795464,32018.312,9.16912,0.5374379,0,0,0,0,0,-20.76532097167634,428,42900
-55.68783950805664,-52.576332,31115.09,7.1649656,0.4140121,0,0,0,0,0,28.753534615122426,431,43200
-55.634796142578125,-52.594788,30400.094,7.2828665,0.4295063,0,0,0,0,0,15.419130024972414,434,43500
-55.554141998291016,-52.59051,29636.324,7.0476933,0.4467017,0,0,0,0,0,-12.901891241775985,437,43800
-55.440975189208984,-52.563354,28776.219,6.771941,0.4341372,0,0,0,0,0,42.08285368494772,440,44100
-55.280029296875,-52.49738,27826.516,6.367711,0.3770675,0,0,0,0,0,46.682261171693916,443,44400
-55.12194061279297,-52.452618,26693.238,5.8075237,0.3669321,0,0,0,0,0,42.12641587016379,446,44700
-58.02822494506836,-55.490307,25379.184,45.252403,0.9115828,0,0,0,0,0,-41.06401848412163,449,45000
-55.196651458740234,-52.72,24766.5,9.180012,0.42482835,0,0,0,0,0,8.565464793388445,452,45300
-54.900875091552734,-52.48072,24201.555,6.5714293,0.33207864,0,0,0,0,0,-53.12833473589044,455,45600
-56.399627685546875,-54.05536,23442.703,27.373278,0.58609426,0,0,0,0,0,-15.008394272014792,458,45900
-54.70946502685547,-52.441746,22677.203,6.253954,0.30622843,0,0,0,0,0,-7.638834248377216,461,46200
-54.62971115112305,-52.43332,21963.906,6.0385256,0.31531408,0,0,0,0,0,-24.334602479791087,464,46500
-54.44694137573242,-52.34253,21044.117,5.463547,0.23864518,0,0,0,0,0,-38.76875757479451,467,46800
-54.321746826171875,-52.336967,19847.777,4.9000916,0.28676713,0,0,0,0,0,3.6665081055178748,470,47100
-37.76593780517578,-35.895702,18702.371,8.135967,2.0132537,0,0,0,0,0,-22.7615813909409,473,47400
-3.1067676544189453,-0.84762,22591.477,3.4439178,0.13844498,0,0,0,0,0,-10.769303616075451,476,47700
1.682859182357788,4.122494,24396.352,3.8886251,0.15227616,0,0,0,0,0,-6.549848831102935,479,48000
4.508294105529785,7.0597086,25514.148,3.258872,0.10996761,0,0,0,0,0,3.0210266429224184,482,48300
6.312840461730957,8.94477,26319.293,3.0648158,0.11814973,0,0,0,0,0,-21.11508453279894,485,48600
8.056897163391113,10.757834,27009.375,3.116334,0.102038704,0,0,0,0,0,18.44101747883142,488,48900
8.76379680633545,11.517508,27537.11,3.329698,0.09692627,0,0,0,0,0,24.892846848777154,491,49200
10.428585052490234,13.2024975,27739.121,3.4703574,0.09167281,0,0,0,0,0,50.42974593805111,494,49500
11.87081241607666,14.649392,27785.8,3.558389,0.06635888,0,0,0,0,0,-17.98486698633371,497,49800
12.601558685302734,15.390034,27884.75,3.3389382,0.075006954,0,0,0,0,0,-11.88362007417289,500,50100
14.847648620605469,17.667194,28195.453,3.299488,0.06535682,0,0,0,0,0,-37.279717492216506,503,50400
15.376035690307617,18.24024,28642.043,3.0281878,0.062157404,0,0,0,0,0,30.645602280320333,506,50700
17.3653564453125,20.305704,29403.484,2.7387013,0.06966819,0,0,0,0,0,-17.80425395813563,509,51000
17.771591186523438,20.778381,30067.898,2.6356316,0.0739528,0,0,0,0,0,-23.147671476010995,512,51300
15.895910263061523,18.957895,30619.852,2.8509274,0.10805876,0,0,0,0,0,12.616258502793631,515,51600
18.90259552001953,22.012579,31099.828,2.6329615,0.08361241,0,0,0,0,0,-26.84984978052035,518,51900
17.94841766357422,21.106955,31585.363,2.8275979,0.0998957,0,0,0,0,0,-8.317731824466737,521,52200
19.84137535095215,23.04972,32083.453,2.7530992,0.05057872,0,0,0,0,0,2.735214023401191,524,52500
19.424657821655273,22.67269,32480.312,2.520722,0.0444177,0,0,0,0,0,-4.224438234999892,527,52800
20.50617027282715,23.790585,32844.14,2.6196823,0.07523734,0,0,0,0,0,14.142820914139435,530,53100
21.528024673461914,24.847097,33190.73,2.4083204,0.05072289,0,0,0,0,0,17.359269278260854,533,53400
20.863367080688477,24.21341,33500.42,2.5942445,0.07324669,0,0,0,0,0,11.96744208054403,536,53700
23.399921417236328,26.774933,33750.117,2.4932947,0.028797094,0,0,0,0,0,-18.864431590224232,539,54000
21.55436897277832,24.958714,34043.45,2.551261,0.076962136,0,0,0,0,0,14.962689108927755,542,54300
21.784141540527344,25.219055,34349.133,2.856707,0.05478319,0,0,0,0,0,-9.379097364209489,545,54600
23.04859161376953,26.510145,34615.535,2.517837,0.05289008,0,0,0,0,0,-5.9894011435714685,548,54900
22.138137817382812,25.628117,34899.79,2.4540079,0.086429715,0,0,0,0,0,-41.317504835557465,551,55200
22.703327178955078,26.224144,35208.168,2.3058076,0.073230155,0,0,0,0,0,-13.317066275481487,554,55500
22.860122680664062,26.406988,35468.656,2.4280097,0.055461597,0,0,0,0,0,-67.86943547769717,557,55800
23.376354217529297,26.950476,35741.22,2.5418906,0.047906525,0,0,0,0,0,-16.703439804345482,560,56100
22.782562255859375,26.37771,35951.477,2.3911977,0.062407423,0,0,0,0,0,-6.610698981298025,563,56400
22.839914321899414,26.45471,36147.965,2.5046659,0.08422919,0,0,0,0,0,-23.937547045128948,566,56700
22.921741485595703,26.558216,36364.75,2.6041138,0.059503555,0,0,0,0,0,-56.319388314870515,569,57000
24.3847599029541,28.04391,36591.484,2.8006396,0.05736107,0,0,0,0,0,-16.433434739314162,572,57300
24.48953628540039,28.167496,36779.6,2.256572,0.058484644,0,0,0,0,0,-17.969122302852192,575,57600
26.14376449584961,29.842236,36984.703,2.348504,0.041022215,0,0,0,0,0,-40.52074765875865,578,57900
26.566673278808594,30.28742,37207.465,2.4969878,0.04580333,0,0,0,0,0,-18.331250375802018,581,58200
26.3747501373291,30.117607,37428.57,2.599105,0.051136818,0,0,0,0,0,-18.122112608642837,584,58500
25.31405258178711,29.078255,37642.016,2.3654735,0.044435147,0,0,0,0,0,-24.499470290530933,587,58800
24.673952102661133,28.463621,37896.695,2.4356303,0.04518386,0,0,0,0,0,-0.8961161991197844,590,59100
27.25541877746582,31.07216,38167.42,2.2810242,0.061459325,0,0,0,0,0,-45.50382986282241,593,59400
26.415122985839844,30.251678,38365.547,2.2620842,0.046809703,0,0,0,0,0,-37.475199135091856,596,59700
25.306676864624023,29.162289,38556.125,2.3422637,0.039689578,0,0,0,0,0,-30.648576962960075,599,60000
28.63587760925293,32.50576,38698.83,2.4132617,0.03377654,0,0,0,0,0,12.348408841368137,602,60300
26.738401412963867,30.621462,38830.61,2.4065964,0.06192683,0,0,0,0,0,-9.176859048434595,605,60600
27.827878952026367,31.71971,38918.3,2.5819807,0.034448363,0,0,0,0,0,-29.596660935908425,608,60900
27.55047607421875,31.452944,39024.684,2.2902071,0.05230834,0,0,0,0,0,-0.4188211500045339,611,61200
27.058242797851562,30.96914,39108.96,2.208212,0.03972321,0,0,0,0,0,-66.57706204352834,614,61500
27.509016036987305,31.43013,39211.15,2.055213,0.050070547,0,0,0,0,0,-51.76356876388323,617,61800
28.48604965209961,32.415157,39291.07,2.1382575,0.041595608,0,0,0,0,0,-45.28538107227768,620,62100
27.109981536865234,31.047928,39379.473,2.1097362,0.06083315,0,0,0,0,0,26.109171173046175,623,62400
30.033546447753906,33.98076,39472.13,2.2018032,0.03558326,0,0,0,0,0,-23.179081287424285,626,62700
28.222150802612305,32.177673,39555.22,2.0114663,0.05996762,0,0,0,0,0,3.050647837261473,629,63000
28.224716186523438,32.18514,39604.227,1.9513562,0.038635578,0,0,0,0,0,-45.59875344829743,632,63300
27.785829544067383,31.74913,39633.01,1.8906772,0.025784878,0,0,0,0,0,-31.77603005347344,635,63600
28.869709014892578,32.839478,39697.688,1.6458142,0.033642665,0,0,0,0,0,25.815241186559376,638,63900
30.94443130493164,34.922493,39780.625,1.8756846,0.023499718,0,0,0,0,0,-47.69976034132055,641,64200
28.959545135498047,32.943176,39836.316,1.77229,0.03593313,0,0,0,0,0,18.345853644669894,644,64500
28.312774658203125,32.305336,39925.617,2.0408118,0.047070116,0,0,0,0,0,-19.58739508258874,647,64800
29.264734268188477,33.26193,39971.938,2.0167687,0.027166951,0,0,0,0,0,5.38869427946865,650,65100
28.163272857666016,32.16533,40020.555,1.8767426,0.036281906,0,0,0,0,0,-55.771860671930646,653,65400
27.470129013061523,31.476389,40062.594,1.8313982,0.05712944,0,0,0,0,0,-41.777856776369,656,65700
29.251480102539062,33.264297,40128.18,1.8945234,0.05576117,0,0,0,0,0,33.607212559914935,659,66000
27.47161102294922,31.48921,40175.992,1.9495304,0.03092026,0,0,0,0,0,26.47566720258251,662,66300
30.863338470458984,34.88675,40234.113,2.0617912,0.029573213,0,0,0,0,0,42.497502747852614,665,66600
28.682859420776367,32.710197,40273.38,1.7502058,0.04473305,0,0,0,0,0,-14.873476970116162,668,66900
30.125574111938477,34.15822,40326.438,1.9555174,0.040930707,0,0,0,0,0,-42.069499930636894,671,67200
29.50139808654785,33.540424,40390.27,1.830005,0.039593685,0,0,0,0,0,-2.017366911084024,674,67500
29.64466094970703,33.68658,40419.188,1.8690579,0.044671647,0,0,0,0,0,-11.572563290734962,677,67800
29.525724411010742,33.574062,40483.375,1.688903,0.04857012,0,0,0,0,0,-8.551230851894355,680,68100
28.76148223876953,32.815002,40535.21,1.9158628,0.03853704,0,0,0,0,0,-42.97406904553669,683,68400
29.151992797851562,33.208546,40565.54,1.8214723,0.04636979,0,0,0,0,0,-28.499986817303828,686,68700
29.694360733032227,33.754566,40602.062,1.8794785,0.034336034,0,0,0,0,0,-13.851146975941962,689,69000
29.810291290283203,33.876133,40658.43,1.9189067,0.033090025,0,0,0,0,0,-32.44742372046637,692,69300
30.35378646850586,34.427258,40734.72,1.7966143,0.04293331,0,0,0,0,0,-30.921145300016978,695,69600
28.48122787475586,32.557716,40764.89,1.936743,0.03164563,0,0,0,0,0,9.293739397856967,698,69900
30.11161231994629,34.196087,40844.75,1.6936044,0.04269414,0,0,0,0,0,-1.7623689772664903,701,70200
31.388147354125977,35.476837,40886.9,1.7447462,0.041888006,0,0,0,0,0,2.4893135016375383,704,70500
29.97921371459961,34.071606,40923.914,1.7572434,0.026374321,0,0,0,0,0,-20.65831600555478,707,70800
28.77508544921875,32.874733,40996.484,1.7071574,0.05180871,0,0,0,0,0,-28.78899724237608,710,71100
31.93370819091797,36.03695,41032.42,1.7965682,0.03438828,0,0,0,0,0,16.95861060451801,713,71400
32.75739669799805,36.864883,41074.875,1.5107536,0.03376659,0,0,0,0,0,-50.18706598825345,716,71700
32.17317581176758,36.284306,41111.305,1.9053966,0.032983147,0,0,0,0,0,-12.668683955701203,719,72000
31.26617431640625,35.379337,41131.64,1.6625803,0.045410518,0,0,0,0,0,-23.256805970433298,722,72300
33.03097152709961,37.14663,41156.59,1.7604201,0.03280256,0,0,0,0,0,-27.4101996725298,725,72600
32.1927375793457,36.31283,41200.93,1.7075626,0.049710497,0,0,0,0,0,-26.080621463765254,728,72900
30.850309371948242,34.97535,41250.4,1.7242492,0.03514034,0,0,0,0,0,-19.965132878291328,731,73200
31.149168014526367,35.279594,41304.27,1.8140664,0.05383432,0,0,0,0,0,-10.254499050158712,734,73500
31.220075607299805,35.35589,41358.13,1.7619259,0.063785516,0,0,0,0,0,-64.92155942269527,737,73800
32.511024475097656,36.650055,41390.32,1.7095141,0.042937625,0,0,0,0,0,-1.1526927442923425,740,74100
31.152851104736328,35.297386,41445.363,1.6574527,0.038884684,0,0,0,0,0,15.96938210954096,743,74400
31.510955810546875,35.65628,41453.242,1.7747141,0.07435764,0,0,0,0,0,-14.002194238738252,746,74700
33.05972671508789,37.205387,41456.6,1.6593465,0.024675366,0,0,0,0,0,20.04643844037988,749,75000
32.46269989013672,36.615345,41526.46,1.6323397,0.037409354,0,0,0,0,0,-20.952819170095378,752,75300
33.22432327270508,37.380577,41562.53,1.7750682,0.019231014,0,0,0,0,0,15.733803325364814,755,75600
31.320354461669922,35.483315,41629.59,1.672987,0.052120585,0,0,0,0,0,9.4783580255671,758,75900
31.639202117919922,35.800972,41617.703,1.7026634,0.033849176,0,0,0,0,0,-9.46675248716591,761,76200
34.25827407836914,38.42637,41680.96,1.3573146,0.014452262,0,0,0,0,0,-11.644004219259607,764,76500
30.956403732299805,35.12795,41715.45,1.650855,0.05296319,0,0,0,0,0,-13.404003327417508,767,76800
31.341230392456055,35.514313,41730.83,1.6796143,0.034068894,0,0,0,0,0,-25.988939018910393,770,77100
33.1898307800293,37.364952,41751.203,1.6428076,0.03264881,0,0,0,0,0,6.0394126604477485,773,77400
32.07677459716797,36.259926,41831.51,1.6849773,0.039927874,0,0,0,0,0,37.05295542337194,776,77700
31.814411163330078,35.996197,41817.85,1.4973378,0.04946873,0,0,0,0,0,-21.79523206861907,779,78000
32.596946716308594,36.786015,41890.7,1.6061523,0.036025826,0,0,0,0,0,-14.671469852433958,782,78300
33.3735237121582,37.568356,41948.305,1.6784325,0.020654095,0,0,0,0,0,1.530653308994433,785,78600
31.308839797973633,35.508884,42000.453,1.6836704,0.03738948,0,0,0,0,0,-27.086060234565657,788,78900
31.313217163085938,35.51677,42035.516,1.6594436,0.044588547,0,0,0,0,0,1.2956292099403544,791,79200
33.06929016113281,37.28002,42107.31,1.6112895,0.017118603,0,0,0,0,0,19.15490429536642,794,79500
31.52726936340332,35.741608,42143.38,1.5474675,0.03863264,0,0,0,0,0,-0.4289230246415468,797,79800
35.51563262939453,39.732796,42171.64,1.4805124,0.013769662,0,0,0,0,0,-5.209817327740143,800,80100
30.978517532348633,35.197556,42190.375,1.6114649,0.047896285,0,0,0,0,0,-9.024848248197369,803,80400
33.75599670410156,37.9797,42237.03,1.641103,0.02079355,0,0,0,0,0,-46.208507871977496,806,80700
33.793514251708984,38.0224,42288.867,1.6408901,0.023148036,0,0,0,0,0,-19.634608085944002,809,81000
31.940542221069336,36.171043,42305.008,1.5770943,0.03764143,0,0,0,0,0,-25.756638463594218,812,81300
31.511455535888672,35.747406,42359.51,1.5355692,0.063328095,0,0,0,0,0,-28.117042552157194,815,81600
30.743223190307617,34.97953,42363.074,1.6149724,0.039364286,0,0,0,0,0,2.9482640020301742,818,81900
32.96464920043945,37.202797,42381.47,1.6746258,0.049968056,0,0,0,0,0,-16.249919356764053,821,82200
34.3306770324707,38.571613,42409.355,1.5686488,0.013450255,0,0,0,0,0,-20.303068041001563,824,82500
33.70661544799805,37.952522,42459.07,1.50752,0.02652274,0,0,0,0,0,-3.982432981478413,827,82800
33.80960464477539,38.06147,42518.652,1.5974852,0.01987575,0,0,0,0,0,-32.85265228002217,830,83100
32.389427185058594,36.64421,42547.824,1.6226907,0.022068668,0,0,0,0,0,2.1244638237926905,833,83400
32.06521987915039,36.321358,42561.375,1.7933813,0.062419645,0,0,0,0,0,-18.678340371920726,836,83700
34.720741271972656,38.98394,42631.973,1.4815493,0.019045213,0,0,0,0,0,-6.168257375832762,839,84000
34.10408020019531,38.365574,42614.92,1.5268908,0.02423551,0,0,0,0,0,63.66047299265377,842,84300
32.82975769042969,37.09921,42694.52,1.7558439,0.039938588,0,0,0,0,0,-51.66260376845845,845,84600
32.4592399597168,36.73165,42724.13,1.6076959,0.025386963,0,0,0,0,0,0.9271745858573488,848,84900
30.687034606933594,34.960793,42737.586,1.7386262,0.07166335,0,0,0,0,0,-17.13602850585288,851,85200
33.24802017211914,37.525536,42775.14,1.6371351,0.04002145,0,0,0,0,0,94.60151187459147,854,85500
33.97675704956055,38.256313,42795.555,1.4661884,0.022562392,0,0,0,0,0,1.398328461756174,857,85800
34.597110748291016,38.879883,42827.727,1.4775167,0.035362914,0,0,0,0,0,85.70980261078591,860,86100
33.35683059692383,37.642166,42853.36,1.5864114,0.052562535,0,0,0,0,0,43.1179451028413,863,86400
30.941808700561523,35.2297,42878.89,1.6746132,0.024125785,0,0,0,0,0,28.489826364696356,866,86700
32.53492736816406,36.825195,42902.68,1.5931909,0.03324688,0,0,0,0,0,58.57833754708782,869,87000
31.621793746948242,35.91382,42920.242,1.5568613,0.042378575,0,0,0,0,0,-8.835414440109801,872,87300
33.62538146972656,37.917213,42918.33,1.4481386,0.038434133,0,0,0,0,0,1.932559833031507,875,87600
33.666622161865234,37.96316,42965.406,1.5781704,0.038954385,0,0,0,0,0,21.571271859612974,878,87900
33.779808044433594,38.07827,42984.6,1.4253792,0.042148948,0,0,0,0,0,55.86261823664606,881,88200
31.236913681030273,35.536396,42994.83,1.6393877,0.041429505,0,0,0,0,0,-38.92058136507067,884,88500
31.628429412841797,35.925766,42973.36,1.6509869,0.056168653,0,0,0,0,0,-2.954147952798153,887,88800
31.03285789489746,35.332184,42993.258,1.506047,0.036963355,0,0,0,0,0,30.231619354843243,890,89100
35.53857421875,39.84262,43040.49,1.4784298,0.036646135,0,0,0,0,0,26.228003733780742,893,89400
33.89006423950195,38.19655,43064.86,1.3566139,0.04065972,0,0,0,0,0,-54.561857184755716,896,89700
31.458820343017578,35.766068,43072.46,1.4228208,0.056113042,0,0,0,0,0,11.048755769889198,899,90000
33.65000534057617,37.95685,43068.434,1.4826941,0.025035214,0,0,0,0,0,31.967572191342633,902,90300
33.56977081298828,37.88121,43114.395,1.4762017,0.030764341,0,0,0,0,0,50.81559682280039,905,90600
32.54972457885742,36.867214,43174.883,1.4195158,0.0671529,0,0,0,0,0,38.90274942857646,908,90900
33.72605895996094,38.046085,43200.258,1.2767981,0.028556416,0,0,0,0,0,22.638225446234102,911,91200
34.72004699707031,39.046177,43261.297,1.3867509,0.03726019,0,0,0,0,0,-3.2364824679582123,914,91500
33.96256637573242,38.29464,43320.73,1.2889726,0.028036058,0,0,0,0,0,33.10355392412504,917,91800
32.778377532958984,37.11267,43342.93,1.4583423,0.036808096,0,0,0,0,0,-18.712734180655815,920,92100
31.44525146484375,35.78302,43377.68,1.3973806,0.04720132,0,0,0,0,0,86.38638608644705,923,92400
32.04387664794922,36.388668,43447.92,1.3201612,0.022583,0,0,0,0,0,45.7443474462294,926,92700
34.76327133178711,39.113297,43500.254,1.2770776,0.030391026,0,0,0,0,0,29.478325367535952,929,93000
31.058788299560547,35.41301,43542.21,1.192202,0.07781486,0,0,0,0,0,-14.887622349910435,932,93300
35.17264938354492,39.53027,43576.19,1.1479939,0.03945619,0,0,0,0,0,19.122673340060736,935,93600
34.19914245605469,38.555862,43567.188,1.2296745,0.030029986,0,0,0,0,0,37.82022941351431,938,93900
31.50722885131836,35.86821,43609.8,1.3672426,0.09019523,0,0,0,0,0,13.348818674939364,941,94200
32.057003021240234,36.419838,43628.344,1.2581024,0.039591722,0,0,0,0,0,-28.263914850043445,944,94500
33.4542121887207,37.822903,43686.914,1.2364323,0.09083703,0,0,0,0,0,18.04346708386552,947,94800
31.17314338684082,35.54162,43684.758,1.1948631,0.04233434,0,0,0,0,0,43.72192066992378,950,95100
32.424339294433594,36.7987,43743.598,1.1705036,0.04772991,0,0,0,0,0,-6.749656061689302,953,95400
34.74000549316406,39.11684,43768.332,1.1541784,0.04607372,0,0,0,0,0,-24.536604968719445,956,95700
31.31576156616211,35.692757,43769.94,1.2409713,0.06872065,0,0,0,0,0,24.99768797038842,959,96000
32.06517791748047,36.44414,43789.633,1.2889841,0.036608323,0,0,0,0,0,47.898655679521376,962,96300
32.12408447265625,36.50473,43806.46,1.2517607,0.050357267,0,0,0,0,0,10.893197038813328,965,96600
34.530696868896484,38.91482,43841.258,1.0491544,0.026004206,0,0,0,0,0,-19.991784473003722,968,96900
32.314083099365234,36.701134,43870.504,1.2279103,0.05912589,0,0,0,0,0,68.58071014407346,971,97200
32.6637077331543,37.053177,43894.707,1.1789694,0.032926098,0,0,0,0,0,8.993456286915018,974,97500
35.988121032714844,40.37581,43876.867,1.1511585,0.028506968,0,0,0,0,0,4.278676872559815,977,97800
34.50065231323242,38.891106,43904.523,1.0780928,0.0499688,0,0,0,0,0,12.124388286653058,980,98100
31.228652954101562,35.61753,43888.77,1.1101716,0.05729223,0,0,0,0,0,58.72200241427242,983,98400
32.510711669921875,36.90144,43907.3,1.2157197,0.033254437,0,0,0,0,0,52.409109881393206,986,98700
31.723724365234375,36.11537,43916.484,1.195946,0.026131995,0,0,0,0,0,5.559942761651161,989,99000
32.74921798706055,37.138844,43896.26,1.0622079,0.08005399,0,0,0,0,0,-9.392882427647011,992,99300
33.34608459472656,37.741203,43951.203,1.2526898,0.053397216,0,0,0,0,0,-7.336049248813981,995,99600
32.6961669921875,37.092293,43961.24,1.1423695,0.042054765,0,0,0,0,0,-15.151780123767875,998,99900
33.51087951660156,37.910786,43999.062,0.97157013,0.021841504,0,0,0,0,0,40.76407959867853,1001,100200
34.524871826171875,38.921062,43961.92,1.1923817,0.042892408,0,0,0,0,0,35.57260943050383,1004,100500
32.8062629699707,37.20372,43974.574,1.2490152,0.029508477,0,0,0,0,0,30.717680473342718,1007,100800
34.51897048950195,38.918762,43997.91,1.198889,0.03892417,0,0,0,0,0,99.73112481875614,1010,101100
31.19800567626953,35.600204,44022.0,1.2085856,0.047732137,0,0,0,0,0,96.06318095980554,1013,101400
32.963462829589844,37.36897,44055.055,1.1786169,0.06328292,0,0,0,0,0,25.26476464436005,1016,101700
32.26295471191406,36.666958,44040.035,1.1781822,0.023966216,0,0,0,0,0,55.28022369743295,1019,102000
34.41569519042969,38.82622,44105.254,1.1252828,0.042035047,0,0,0,0,0,13.707441680395416,1022,102300
31.740158081054688,36.15262,44124.598,1.1423683,0.07987004,0,0,0,0,0,23.93866254677714,1025,102600
33.10490798950195,37.520634,44157.242,1.0822487,0.08839087,0,0,0,0,0,89.76201273849824,1028,102900
35.54088592529297,39.9633,44224.113,1.0838253,0.03511603,0,0,0,0,0,72.05587462348994,1031,103200
33.15506362915039,37.582428,44273.645,1.1184641,0.05617362,0,0,0,0,0,42.385821067115124,1034,103500
34.12133026123047,38.551323,44299.91,1.0846072,0.039824158,0,0,0,0,0,24.841426527642017,1037,103800
32.81048583984375,37.24613,44356.45,1.0624809,0.060107484,0,0,0,0,0,114.5318328158381,1040,104100
30.862146377563477,35.2988,44366.56,1.0396341,0.034256913,0,0,0,0,0,114.55098205782255,1043,104400
31.618112564086914,36.057037,44389.246,1.1019953,0.056857094,0,0,0,0,0,104.6032086487446,1046,104700
32.11061096191406,36.55412,44435.062,1.0099592,0.023666939,0,0,0,0,0,92.34449215390389,1049,105000
35.3243293762207,39.770317,44459.895,1.0035388,0.043385543,0,0,0,0,0,93.87243357623319,1052,105300
33.35260772705078,37.802555,44499.48,0.96242464,0.05272641,0,0,0,0,0,61.06550012464026,1055,105600
33.894134521484375,38.348217,44540.832,1.2026365,0.02429006,0,0,0,0,0,88.91085229534782,1058,105900
35.02955627441406,39.487156,44576.008,1.0598352,0.05375512,0,0,0,0,0,94.57167299461028,1061,106200
36.41508483886719,40.880165,44650.816,1.0754738,0.03683395,0,0,0,0,0,114.01740390766142,1064,106500
34.50387954711914,38.97057,44666.906,1.0368813,0.03773229,0,0,0,0,0,71.41645470304712,1067,106800
35.815185546875,40.2856,44704.133,0.9812342,0.014291588,0,0,0,0,0,113.92753572055359,1070,107100
35.44755172729492,39.922783,44752.33,1.1379614,0.05054005,0,0,0,0,0,104.88111491136789,1073,107400
34.642982482910156,39.125427,44824.46,1.0660763,0.054429956,0,0,0,0,0,95.92156217779863,1076,107700
35.234840393066406,39.719795,44849.53,0.94507974,0.062241837,0,0,0,0,0,106.12584038005969,1079,108000
35.374908447265625,39.86374,44888.31,1.005471,0.014266498,0,0,0,0,0,97.4913755587514,1082,108300
33.292476654052734,37.785095,44926.203,0.95141107,0.046472587,0,0,0,0,0,99.77347693218962,1085,108600
34.004547119140625,38.506588,45020.406,1.0476315,0.025250098,0,0,0,0,0,98.91542174232772,1088,108900
34.178192138671875,38.685307,45071.125,1.0799049,0.038820866,0,0,0,0,0,111.02641445196606,1091,109200
34.20820617675781,38.719135,45109.305,1.0393156,0.059399143,0,0,0,0,0,48.16017264238297,1094,109500
34.87955856323242,39.393623,45140.656,0.9160796,0.013822794,0,0,0,0,0,102.1908014102182,1097,109800
35.82813262939453,40.345673,45175.406,1.0150192,0.026114222,0,0,0,0,0,108.55453362417865,1100,110100
35.02924728393555,39.54952,45202.72,1.1135547,0.01576958,0,0,0,0,0,99.72442137691604,1103,110400
34.566471099853516,39.091927,45254.547,1.0223919,0.024482002,0,0,0,0,0,97.37966520573208,1106,110700
36.391822814941406,40.922657,45308.36,0.9258923,0.04177597,0,0,0,0,0,99.75763017019838,1109,111000
35.52762985229492,40.063866,45362.375,0.93586457,0.03233645,0,0,0,0,0,108.78862492989411,1112,111300
33.05988311767578,37.59903,45391.477,0.9320601,0.03914314,0,0,0,0,0,114.63698134256042,1115,111600
35.46461486816406,40.007626,45430.094,1.00094,0.027274963,0,0,0,0,0,120.74171814782441,1118,111900
33.0917854309082,37.638153,45463.688,0.9989256,0.049268737,0,0,0,0,0,109.42803917922787,1121,112200
34.40367889404297,38.950325,45466.47,0.9968103,0.060078368,0,0,0,0,0,110.2128054429632,1124,112500
34.075096130371094,38.62593,45508.336,0.96213245,0.045578513,0,0,0,0,0,72.13059305968262,1127,112800
34.5300178527832,39.08191,45518.92,0.98502463,0.060763244,0,0,0,0,0,36.73459372469368,1130,113100
33.14547348022461,37.701954,45564.82,1.063772,0.032022927,0,0,0,0,0,85.92456962635427,1133,113400
34.66741943359375,39.222908,45554.906,0.9471372,0.013343081,0,0,0,0,0,117.98997977462109,1136,113700
37.00898361206055,41.56782,45588.39,0.9975876,0.023949426,0,0,0,0,0,96.91018797009782,1139,114000
35.36796951293945,39.927208,45592.39,0.9924829,0.03020754,0,0,0,0,0,107.60405931238957,1142,114300
33.82301330566406,38.383827,45608.125,1.0612481,0.036848087,0,0,0,0,0,126.6460573541271,1145,114600
35.4091911315918,39.9775,45683.086,1.0297408,0.031645495,0,0,0,0,0,118.14576960109227,1148,114900
34.85386276245117,39.42106,45671.945,1.0840623,0.028244255,0,0,0,0,0,105.57656279600165,1151,115200
36.01705551147461,40.586296,45692.39,0.9750576,0.037281983,0,0,0,0,0,107.03428549459298,1154,115500
35.65192794799805,40.225193,45732.664,0.8982385,0.03199912,0,0,0,0,0,109.9460091008186,1157,115800
35.46639633178711,40.043674,45772.79,1.0439036,0.020294383,0,0,0,0,0,110.20099931848986,1160,116100
38.261009216308594,42.840267,45792.562,0.9227294,0.025943905,0,0,0,0,0,103.95436444968301,1163,116400
35.68536376953125,40.269005,45836.39,0.96521485,0.035084076,0,0,0,0,0,113.41900237723605,1166,116700
34.92481231689453,39.510838,45860.242,0.9894314,0.049717285,0,0,0,0,0,112.0335439069438,1169,117000
37.510475158691406,42.098434,45879.61,0.8761723,0.017178137,0,0,0,0,0,115.60891906267861,1172,117300
37.74537658691406,42.33737,45919.96,0.94639295,0.03169161,0,0,0,0,0,80.76890512690574,1175,117600
37.43628692626953,42.03041,45941.234,0.9909188,0.019768449,0,0,0,0,0,102.34021808188406,1178,117900
37.80901336669922,42.402637,45936.234,0.95167756,0.027426973,0,0,0,0,0,105.64471417951492,1181,118200
37.037689208984375,41.632812,45951.234,1.0417675,0.013318643,0,0,0,0,0,117.46138261174438,1184,118500
36.0181884765625,40.61946,46012.734,0.9350305,0.033488855,0,0,0,0,0,103.41276572881458,1187,118800
37.0340576171875,41.640472,46064.133,0.9738462,0.040287558,0,0,0,0,0,107.07903055618048,1190,119100
34.23601531982422,38.842224,46062.1,1.0743877,0.05461815,0,0,0,0,0,105.48195840702827,1193,119400
36.93729782104492,41.54841,46111.094,0.8499001,0.03356132,0,0,0,0,0,117.4814123214484,1196,119700
37.29362869262695,41.906803,46131.734,0.8889319,0.016130148,0,0,0,0,0,112.38602107561461,1199,120000
38.72248077392578,43.34257,46200.906,0.9574219,0.023750912,0,0,0,0,0,106.92780802983191,1202,120300
37.009849548339844,41.6324,46225.523,0.9018384,0.023410432,0,0,0,0,0,107.86584896648111,1205,120600
36.01590347290039,40.63929,46233.86,1.047279,0.033109024,0,0,0,0,0,114.93802951613135,1208,120900
35.98649978637695,40.614136,46276.36,0.8997152,0.021263223,0,0,0,0,0,96.85965017894053,1211,121200
36.50324249267578,41.131927,46286.85,0.9640353,0.052373715,0,0,0,0,0,103.48341658001124,1214,121500
34.5321159362793,39.165096,46329.812,1.1269903,0.043620557,0,0,0,0,0,99.94079622696651,1217,121800
33.422752380371094,38.05978,46370.266,0.9780263,0.031886153,0,0,0,0,0,89.06727996549658,1220,122100
37.181114196777344,41.821163,46400.477,0.9177767,0.01387819,0,0,0,0,0,83.33236929099655,1223,122400
35.977508544921875,40.621967,46444.57,0.8475665,0.02758177,0,0,0,0,0,105.38005837730906,1226,122700
33.996700286865234,38.643875,46471.766,1.0017203,0.03036841,0,0,0,0,0,60.97510156654775,1229,123000
34.19330978393555,38.843266,46499.547,0.90232,0.058497906,0,0,0,0,0,105.46989773600549,1232,123300
37.367515563964844,42.021957,46544.438,0.8114621,0.021274792,0,0,0,0,0,88.86627413954594,1235,123600
37.20180130004883,41.85742,46556.203,0.97491276,0.025807755,0,0,0,0,0,117.91846625568049,1238,123900
36.44050216674805,41.096622,46561.195,0.8450309,0.025278592,0,0,0,0,0,101.86143249582491,1241,124200
39.46754455566406,44.12628,46587.35,0.8486246,0.036689255,0,0,0,0,0,129.68322532723576,1244,124500
35.369083404541016,40.029343,46602.586,0.8844637,0.024480253,0,0,0,0,0,113.01215520451868,1247,124800
38.43673324584961,43.10159,46648.562,0.8717972,0.033976912,0,0,0,0,0,102.07567627784599,1250,125100
36.474510192871094,41.139977,46654.656,0.91991127,0.028311752,0,0,0,0,0,102.82537311890249,1253,125400
36.29213333129883,40.965446,46733.117,0.99130744,0.031188898,0,0,0,0,0,-61.31265713611658,1256,125700
35.573646545410156,40.24628,46726.33,0.8494587,0.050669186,0,0,0,0,0,-8.870928218988997,1259,126000
35.28077697753906,39.954453,46736.75,0.9597043,0.040473565,0,0,0,0,0,87.7813150547669,1262,126300
34.994083404541016,39.669487,46754.04,0.9175731,0.018801894,0,0,0,0,0,107.63802515128896,1265,126600
37.78914260864258,42.463505,46743.617,0.85169005,0.02952287,0,0,0,0,0,102.44410935430672,1268,126900
35.82612609863281,40.502472,46763.445,0.8755985,0.019575372,0,0,0,0,0,104.13121532412787,1271,127200
37.44254684448242,42.123642,46810.97,0.7688403,0.02655223,0,0,0,0,0,109.14330172475715,1274,127500
37.01201629638672,41.6942,46821.83,0.78347033,0.022289231,0,0,0,0,0,110.14502947536754,1277,127800
36.17922592163086,40.86298,46837.54,0.9250909,0.030879293,0,0,0,0,0,118.49401730650763,1280,128100
39.36261749267578,44.049778,46871.61,0.92667526,0.026764695,0,0,0,0,0,117.68246055121536,1283,128400
38.07614517211914,42.765553,46894.08,0.8389486,0.033949267,0,0,0,0,0,65.61480945621135,1286,128700
36.88706970214844,41.57834,46912.71,0.8811178,0.07702868,0,0,0,0,0,117.02173440996809,1289,129000
35.60000991821289,40.293243,46932.336,0.92286575,0.040445738,0,0,0,0,0,105.72601760276488,1292,129300
36.820587158203125,41.520744,47001.586,0.82665,0.015352779,0,0,0,0,0,123.85110287680423,1295,129600
33.33484649658203,38.0335,46986.555,1.0336407,0.041515276,0,0,0,0,0,109.26740909630217,1298,129900
36.85756301879883,41.553688,46961.242,0.9991742,0.050046198,0,0,0,0,0,134.45473379714522,1301,130200
37.817691802978516,42.520535,47028.414,0.7470495,0.0125183035,0,0,0,0,0,108.59073456021471,1304,130500
39.374046325683594,44.077656,47036.1,0.8096733,0.023359533,0,0,0,0,0,112.47878207397811,1307,130800
36.9512939453125,41.655876,47045.805,0.8821406,0.023503859,0,0,0,0,0,107.67988445094664,1310,131100
37.390079498291016,42.097412,47073.344,0.8642211,0.016955279,0,0,0,0,0,103.09585658371284,1313,131400
35.34347152709961,40.05357,47101.0,0.9316059,0.043907035,0,0,0,0,0,124.40528084738655,1316,131700
37.495235443115234,42.206097,47108.61,0.8403571,0.041246563,0,0,0,0,0,110.51710084087253,1319,132000
36.045982360839844,40.759953,47139.703,0.80275154,0.039650235,0,0,0,0,0,122.2610144655411,1322,132300
38.0145263671875,42.7303,47157.734,0.80547017,0.019030206,0,0,0,0,0,105.66680238740716,1325,132600
38.82080841064453,43.53975,47189.39,1.0320042,0.042871818,0,0,0,0,0,103.3407465212242,1328,132900
38.33404541015625,43.05713,47230.83,0.73590386,0.02772079,0,0,0,0,0,120.94808111477192,1331,133200
38.13671112060547,42.862015,47253.023,0.7223195,0.046086088,0,0,0,0,0,102.58557025384708,1334,133500
37.44844055175781,42.17589,47274.523,0.84659415,0.041469984,0,0,0,0,0,112.43538315075148,1337,133800
37.70866775512695,42.438324,47296.562,0.83488715,0.03352587,0,0,0,0,0,107.26697249528964,1340,134100
40.182151794433594,44.91591,47337.58,0.7411751,0.0211269,0,0,0,0,0,88.95418596621217,1343,134400
39.125144958496094,43.862362,47372.17,0.80457675,0.044638127,0,0,0,0,0,87.4668552180781,1346,134700
33.905147552490234,38.64291,47377.61,0.96101844,0.053947613,0,0,0,0,0,120.81724011322292,1349,135000
40.17668914794922,44.920124,47434.344,0.66841596,0.015547884,0,0,0,0,0,109.69480034423499,1352,135300
39.54341125488281,44.290665,47472.516,0.6880713,0.022711437,0,0,0,0,0,114.0476058990435,1355,135600
36.87678909301758,41.627182,47503.938,0.8664094,0.028188132,0,0,0,0,0,113.54538539004992,1358,135900
38.00421905517578,42.754925,47507.07,0.752831,0.026702207,0,0,0,0,0,85.47785645254106,1361,136200
36.7637939453125,41.516632,47528.367,0.84338015,0.023041183,0,0,0,0,0,98.41174156297734,1364,136500
40.01523971557617,44.768856,47536.156,0.7382115,0.007895503,0,0,0,0,0,47.59231325022541,1367,136800
38.38702392578125,43.14441,47573.844,0.78045976,0.044871937,0,0,0,0,0,102.91293397453086,1370,137100
38.87653732299805,43.635086,47585.484,0.8137998,0.031486098,0,0,0,0,0,121.73620743445312,1373,137400
38.4967155456543,43.260044,47633.273,0.7625277,0.023345958,0,0,0,0,0,75.96227092338302,1376,137700
38.43778991699219,43.201237,47634.484,0.7606011,0.044068035,0,0,0,0,0,98.15310887013463,1379,138000
37.872859954833984,42.638866,47660.07,0.8235533,0.038268045,0,0,0,0,0,109.76890348814369,1382,138300
40.011566162109375,44.780876,47693.094,0.72642314,0.016405186,0,0,0,0,0,107.33092267559233,1385,138600
35.76311492919922,40.53206,47689.42,0.8143347,0.038921416,0,0,0,0,0,97.37735257020444,1388,138900
36.743324279785156,41.51346,47701.336,0.85195017,0.025851857,0,0,0,0,0,102.59217100919562,1391,139200
38.80472183227539,43.57673,47720.07,0.83509624,0.027777469,0,0,0,0,0,109.77260112098071,1394,139500
37.90080261230469,42.673653,47728.5,0.8829866,0.02911158,0,0,0,0,0,112.55565336351783,1397,139800
38.44661331176758,43.2211,47744.883,0.69484997,0.04224227,0,0,0,0,0,101.46251844653979,1400,140100
39.68065643310547,44.45453,47738.727,0.7751137,0.042270217,0,0,0,0,0,77.85396946357562,1403,140400
40.18656539916992,44.962982,47764.18,0.7867156,0.015385212,0,0,0,0,0,96.89082093285508,1406,140700
40.01279067993164,44.789898,47771.08,0.81501734,0.02275397,0,0,0,0,0,112.6804711774801,1409,141000
38.966392517089844,43.744728,47783.336,0.7344142,0.029160332,0,0,0,0,0,107.65088871367254,1412,141300
38.835227966308594,43.6193,47840.72,0.7884382,0.018689785,0,0,0,0,0,116.53948741239182,1415,141600
39.4055290222168,44.191826,47862.984,0.84357977,0.025775766,0,0,0,0,0,108.55733629582468,1418,141900
40.749332427978516,45.53774,47884.062,0.7193943,0.02429642,0,0,0,0,0,90.51915043572907,1421,142200
40.412994384765625,45.19913,47861.35,0.77737296,0.01906211,0,0,0,0,0,103.01632100647744,1424,142500
38.466461181640625,43.25843,47919.688,0.72861665,0.02461603,0,0,0,0,0,86.28165053633415,1427,142800
39.85261535644531,44.64645,47938.35,0.65742946,0.038444888,0,0,0,0,0,109.2195196479299,1430,143100
37.65950012207031,42.454185,47946.836,0.714937,0.035911664,0,0,0,0,0,68.98982944996187,1433,143400
42.20340347290039,46.997074,47936.703,0.7410711,0.0066385083,0,0,0,0,0,117.23096871517205,1436,143700
39.754905700683594,44.557163,48022.562,0.69552696,0.018950358,0,0,0,0,0,103.18007871648746,1439,144000
38.21170425415039,43.017406,48057.023,0.856901,0.031933192,0,0,0,0,0,107.76577720474546,1442,144300
38.38801956176758,43.192406,48043.85,0.84240615,0.05581811,0,0,0,0,0,104.37024473937495,1445,144600
40.677947998046875,45.48409,48061.42,0.7053343,0.03714855,0,0,0,0,0,99.44646478396302,1448,144900
38.58732986450195,43.392822,48054.93,0.7467914,0.01218066,0,0,0,0,0,103.07289326958924,1451,145200
40.46147918701172,45.266876,48053.977,0.784589,0.010726703,0,0,0,0,0,105.13999364454365,1454,145500
39.742515563964844,44.551647,48091.305,0.7473174,0.030190283,0,0,0,0,0,99.76848402669388,1457,145800
39.56449890136719,44.378674,48141.742,0.789137,0.036118105,0,0,0,0,0,103.33697029136465,1460,146100
39.836387634277344,44.649307,48129.203,0.6833297,0.016014788,0,0,0,0,0,108.08343084091423,1463,146400
37.67072677612305,42.48707,48163.406,0.7743783,0.028827429,0,0,0,0,0,97.82377572732481,1466,146700
40.32039260864258,45.13945,48190.562,0.7117101,0.016945299,0,0,0,0,0,94.59289415457138,1469,147000
39.282493591308594,44.104828,48223.344,0.6597749,0.039090488,0,0,0,0,0,102.17635476000738,1472,147300
39.87966537475586,44.702408,48227.414,0.6791567,0.015419569,0,0,0,0,0,99.29837352850973,1475,147600
38.55740737915039,43.381165,48237.58,0.702108,0.033210654,0,0,0,0,0,115.63954161414031,1478,147900
37.475250244140625,42.302303,48270.53,0.760407,0.076714724,0,0,0,0,0,118.11988148056798,1481,148200
37.049808502197266,41.876335,48265.28,0.80105686,0.031032473,0,0,0,0,0,117.04270805219439,1484,148500
37.17890548706055,42.009056,48301.492,0.9651058,0.02201705,0,0,0,0,0,99.10467868642702,1487,148800
38.78458786010742,43.618744,48341.58,0.7424784,0.017793931,0,0,0,0,0,111.84289971314035,1490,149100
39.41480255126953,44.248383,48335.805,0.7557924,0.037620157,0,0,0,0,0,103.57237413711391,1493,149400
35.74885940551758,40.58786,48390.016,0.85843295,0.029984472,0,0,0,0,0,100.29922660748493,1496,149700
41.06818771362305,45.907486,48392.984,0.62638676,0.038945347,0,0,0,0,0,101.89198133423525,1499,150000
39.270572662353516,44.112743,48421.72,0.70940965,0.013379232,0,0,0,0,0,104.63067829570548,1502,150300
38.35271072387695,43.19749,48447.812,0.7545294,0.04802818,0,0,0,0,0,110.64463145571999,1505,150600
38.76262664794922,43.607063,48444.375,0.76550364,0.044874594,0,0,0,0,0,105.79963172717834,1508,150900
39.31536865234375,44.161995,48466.266,0.80444896,0.017437784,0,0,0,0,0,108.96193848058046,1511,151200
38.25910949707031,43.107536,48484.266,0.7068037,0.023782961,0,0,0,0,0,99.61226507299656,1514,151500
36.43894958496094,41.289127,48501.797,0.8324497,0.060331285,0,0,0,0,0,103.57790888627255,1517,151800
38.487884521484375,43.339287,48514.03,0.7851701,0.037070226,0,0,0,0,0,96.60535895361174,1520,152100
41.162784576416016,46.017536,48547.508,0.7239138,0.009246172,0,0,0,0,0,97.62107622950877,1523,152400
40.17909240722656,45.034813,48557.195,0.7810959,0.015612549,0,0,0,0,0,103.4465835865346,1526,152700
40.12538146972656,44.985397,48600.17,0.6814065,0.026904693,0,0,0,0,0,109.50423112040937,1529,153000
36.75712585449219,41.6175,48603.727,0.8087071,0.019576177,0,0,0,0,0,100.74768695737355,1532,153300
39.26516342163086,44.127586,48624.22,0.68344325,0.02062794,0,0,0,0,0,110.81690244172617,1535,153600
40.63591766357422,45.500366,48644.508,0.7172464,0.009830367,0,0,0,0,0,106.0364895884764,1538,153900
42.084022521972656,46.949314,48652.9,0.64725584,0.009078421,0,0,0,0,0,94.0571333093931,1541,154200
40.41929626464844,45.288013,48687.17,0.8078361,0.013902189,0,0,0,0,0,46.54745584177588,1544,154500
40.054908752441406,44.92818,48732.734,0.6867453,0.016915381,0,0,0,0,0,-8.27125366687166,1547,154800
39.22706604003906,44.100647,48735.797,0.73318267,0.03755913,0,0,0,0,0,95.92434214171503,1550,155100
41.65738296508789,46.534122,48767.39,0.6716196,0.009234376,0,0,0,0,0,111.00204756543748,1553,155400
39.19944763183594,44.080627,48811.797,0.7971615,0.03146479,0,0,0,0,0,14.914669108383114,1556,155700
39.3321533203125,44.210003,48778.477,0.70711374,0.021096162,0,0,0,0,0,80.39429455130278,1559,156000
40.19599914550781,45.07704,48810.42,0.8453411,0.02335445,0,0,0,0,0,105.50924559482515,1562,156300
38.896583557128906,43.783295,48867.125,0.696403,0.02689204,0,0,0,0,0,96.26451802654243,1565,156600
41.138736724853516,46.025383,48866.47,0.652736,0.019494519,0,0,0,0,0,100.4750309039896,1568,156900
42.336002349853516,47.223854,48878.516,0.6673614,0.022077888,0,0,0,0,0,89.29872540646745,1571,157200
42.07430648803711,46.96788,48935.75,0.68070304,0.013380718,0,0,0,0,0,90.77485376317507,1574,157500
39.09088897705078,43.987568,48966.797,0.82258725,0.017955327,0,0,0,0,0,87.99079716661366,1577,157800
41.729827880859375,46.62324,48934.15,0.7606045,0.027608216,0,0,0,0,0,102.31386167113996,1580,158100
40.54429626464844,45.4404,48961.023,0.679921,0.025076542,0,0,0,0,0,99.2070874878479,1583,158400
42.35966491699219,47.255287,48956.203,0.630215,0.035690892,0,0,0,0,0,105.36649589895278,1586,158700
40.37506103515625,45.27592,49008.61,0.5982247,0.013861628,0,0,0,0,0,97.81027092682311,1589,159000
40.8463249206543,45.749157,49028.312,0.699185,0.019101975,0,0,0,0,0,102.69350274972206,1592,159300
40.12380599975586,45.030025,49062.188,0.6880562,0.040917274,0,0,0,0,0,99.35384742951979,1595,159600
41.322486877441406,46.235184,49126.953,0.7548696,0.0682891,0,0,0,0,0,102.94211601168517,1598,159900
41.41209030151367,46.328075,49159.867,0.78155446,0.023472024,0,0,0,0,0,119.78504499269378,1601,160200
39.794837951660156,44.713432,49185.953,0.7323529,0.03177256,0,0,0,0,0,82.57775472797292,1604,160500
40.678627014160156,45.599556,49209.297,0.74563295,0.039371625,0,0,0,0,0,104.33668531299647,1607,160800
40.15516662597656,45.077282,49221.15,0.67869467,0.039541036,0,0,0,0,0,117.24779059172683,1610,161100
43.05611038208008,47.981277,49251.688,0.617839,0.01092544,0,0,0,0,0,100.54851479017204,1613,161400
39.205482482910156,44.133373,49278.89,0.78220093,0.014773434,0,0,0,0,0,101.44385244427046,1616,161700
42.16374206542969,47.092228,49284.875,0.6589214,0.011346482,0,0,0,0,0,102.05595908496223,1619,162000
44.41805648803711,49.347916,49298.594,0.5737613,0.028897475,0,0,0,0,0,99.36637676628963,1622,162300
42.95222473144531,47.88772,49354.92,0.70664406,0.017787099,0,0,0,0,0,98.7792703972719,1625,162600
43.62667465209961,48.56334,49366.64,0.599379,0.021653332,0,0,0,0,0,114.76513854979176,1628,162900
42.32894515991211,47.27233,49433.86,0.6933426,0.023811407,0,0,0,0,0,93.26348165285013,1631,163200
38.62635803222656,43.571594,49452.375,0.67752093,0.065322734,0,0,0,0,0,111.78834528845276,1634,163500
38.462745666503906,43.41365,49509.055,0.89358926,0.025574673,0,0,0,0,0,118.67333915532937,1637,163800
41.25224304199219,46.208923,49566.797,0.76490194,0.036708094,0,0,0,0,0,109.41525047085221,1640,164100
38.662750244140625,43.623123,49603.71,0.7214285,0.054003008,0,0,0,0,0,98.91978257466971,1643,164400
43.33367919921875,48.294106,49604.25,0.7168035,0.03315334,0,0,0,0,0,98.91656794465209,1646,164700
42.17753601074219,47.140915,49633.797,0.538418,0.01591319,0,0,0,0,0,107.11271863607065,1649,165000
40.7083740234375,45.672653,49642.773,0.71211696,0.018559862,0,0,0,0,0,136.49259658245018,1652,165300
41.857357025146484,46.823303,49659.46,0.6444675,0.018596373,0,0,0,0,0,101.8246880603019,1655,165600
42.06566619873047,47.036694,49710.258,0.65198827,0.017431568,0,0,0,0,0,100.95743419551404,1658,165900
40.720191955566406,45.695206,49750.14,0.647054,0.01737073,0,0,0,0,0,99.80354024257811,1661,166200
40.12047576904297,45.096912,49764.375,0.71108985,0.012805408,0,0,0,0,0,92.11613641204136,1664,166500
40.50090789794922,45.478645,49777.39,0.79871714,0.036990166,0,0,0,0,0,118.81478575145606,1667,166800
40.761924743652344,45.74481,49828.836,0.72243285,0.035583608,0,0,0,0,0,101.75989967675241,1670,167100
41.897125244140625,46.881954,49848.273,0.62340355,0.01654589,0,0,0,0,0,109.75239870813807,1673,167400
40.56850814819336,45.555977,49874.688,0.6766965,0.01781632,0,0,0,0,0,107.12538434151608,1676,167700
41.51880645751953,46.509285,49904.78,0.69525754,0.015023186,0,0,0,0,0,101.55292498915017,1679,168000
42.34144592285156,47.33835,49969.047,0.6619575,0.024904843,0,0,0,0,0,95.62754224028502,1682,168300
41.56634521484375,46.567627,50012.83,0.6544138,0.010314906,0,0,0,0,0,99.83665931717367,1685,168600
43.326148986816406,48.329197,50030.484,0.61406815,0.026405394,0,0,0,0,0,113.24571255523831,1688,168900
40.94912338256836,45.954483,50053.594,0.6780803,0.030151393,0,0,0,0,0,105.12190720590027,1691,169200
42.00188064575195,47.015625,50137.438,0.676751,0.010570031,0,0,0,0,0,104.53893769684275,1694,169500
42.64595031738281,47.6606,50146.47,0.6890924,0.021491166,0,0,0,0,0,103.58499827269232,1697,169800
43.07835006713867,48.099678,50213.266,0.65879303,0.0063045663,0,0,0,0,0,109.28978353935852,1700,170100
41.6356201171875,46.662056,50264.35,0.68049675,0.021880798,0,0,0,0,0,121.01930604705727,1703,170400
41.851497650146484,46.881805,50303.08,0.69363564,0.021251211,0,0,0,0,0,104.50801803512017,1706,170700
43.34961700439453,48.379482,50298.633,0.6461911,0.03108284,0,0,0,0,0,108.51405767561926,1709,171000
41.47468185424805,46.509552,50348.688,0.72266924,0.023807935,0,0,0,0,0,100.27032501539085,1712,171300
41.10319137573242,46.141186,50379.938,0.60632765,0.02712169,0,0,0,0,0,93.52417812409256,1715,171600
43.653682708740234,48.69285,50391.64,0.6737355,0.024072766,0,0,0,0,0,109.01958586523236,1718,171900
43.37999725341797,48.42626,50462.656,0.603036,0.05784858,0,0,0,0,0,116.72653152905829,1721,172200
40.08198165893555,45.13259,50506.094,0.67229855,0.01797042,0,0,0,0,0,103.83951343602644,1724,172500
41.96004867553711,47.015182,50551.344,0.6125481,0.02495207,0,0,0,0,0,105.40095507401291,1727,172800
44.53929901123047,49.597687,50583.875,0.6141663,0.009532081,0,0,0,0,0,98.79965841395301,1730,173100
43.576171875,48.642536,50663.65,0.5960393,0.018841513,0,0,0,0,0,118.50323412034342,1733,173400
42.42066192626953,47.488358,50676.96,0.6199018,0.015999278,0,0,0,0,0,116.07515798546524,1736,173700
42.585227966308594,47.65722,50719.9,0.7375204,0.029588347,0,0,0,0,0,111.29745755930195,1739,174000
42.89159393310547,47.96914,50775.453,0.71163213,0.039128408,0,0,0,0,0,80.94802015040835,1742,174300
41.16798400878906,46.249527,50815.43,0.72874236,0.019937282,0,0,0,0,0,109.5005306458454,1745,174600
43.99531555175781,49.08076,50854.453,0.6697676,0.013393028,0,0,0,0,0,93.76542973239707,1748,174900
41.05790710449219,46.14831,50904.047,0.67049426,0.022959258,0,0,0,0,0,119.27790306498218,1751,175200
43.07033157348633,48.163567,50932.344,0.61615646,0.0205082,0,0,0,0,0,110.93222502475366,1754,175500
41.89304733276367,46.986683,50936.36,0.7160117,0.010952692,0,0,0,0,0,105.81696864863211,1757,175800
42.987701416015625,48.082516,50948.156,0.70166206,0.014916982,0,0,0,0,0,109.91917768619989,1760,176100
44.408226013183594,49.506645,50984.203,0.60670644,0.01683195,0,0,0,0,0,100.45592840858473,1763,176400
44.862796783447266,49.965706,51029.08,0.58970463,0.02029009,0,0,0,0,0,88.75181451011711,1766,176700
41.679718017578125,46.784225,51045.08,0.56706405,0.009448171,0,0,0,0,0,110.24995064530441,1769,177000
41.780120849609375,46.88683,51067.08,0.6401912,0.018260246,0,0,0,0,0,115.53622389134254,1772,177300
43.43692398071289,48.550064,51131.39,0.6157417,0.023152437,0,0,0,0,0,94.0407101434192,1775,177600
42.931663513183594,48.047615,51159.516,0.72215545,0.0122189,0,0,0,0,0,108.61031430954961,1778,177900
42.728126525878906,47.846657,51185.312,0.5598092,0.018797472,0,0,0,0,0,98.49286723163004,1781,178200
40.89982223510742,46.025124,51253.03,0.7067702,0.031725287,0,0,0,0,0,122.96526971124193,1784,178500
41.87477111816406,46.99865,51238.797,0.6721234,0.01891008,0,0,0,0,0,79.71720346212678,1787,178800
44.16128921508789,49.284683,51233.945,0.65823525,0.03115749,0,0,0,0,0,117.03845297113307,1790,179100
42.04688262939453,47.17343,51265.5,0.74771845,0.018610343,0,0,0,0,0,115.36080386808342,1793,179400
44.23849105834961,49.36904,51305.508,0.5969572,0.02580462,0,0,0,0,0,109.96928301115321,1796,179700
44.47053527832031,49.60136,51308.234,0.65050656,0.012253761,0,0,0,0,0,105.80078932376395,1799,180000
44.37388610839844,49.50922,51353.35,0.5962943,0.021723222,0,0,0,0,0,100.74052327441917,1802,180300
44.063045501708984,49.201305,51382.6,0.63091236,0.023855992,0,0,0,0,0,106.81295683778623,1805,180600
43.339080810546875,48.47758,51384.984,0.6970911,0.022611294,0,0,0,0,0,108.21218219063006,1808,180900
45.315330505371094,50.458908,51435.766,0.6077125,0.023783404,0,0,0,0,0,129.13121768229985,1811,181200
43.229087829589844,48.377983,51488.938,0.65022194,0.0071443254,0,0,0,0,0,119.07460720272488,1814,181500
42.996063232421875,48.146923,51508.617,0.59904766,0.011227423,0,0,0,0,0,103.26633848805744,1817,181800
45.850284576416016,51.003616,51533.312,0.612403,0.020108018,0,0,0,0,0,101.24183858155217,1820,182100
44.48407745361328,49.639828,51557.523,0.5904105,0.019275896,0,0,0,0,0,101.94187777444512,1823,182400
43.952110290527344,49.10469,51525.797,0.7420554,0.015493607,0,0,0,0,0,113.96973231573915,1826,182700
42.99022674560547,48.144157,51539.33,0.66603607,0.016856,0,0,0,0,0,110.5726436389868,1829,183000
44.1866569519043,49.347042,51603.844,0.7119417,0.022712782,0,0,0,0,0,114.39495707170121,1832,183300
45.07243347167969,50.238503,51660.703,0.59660333,0.037099045,0,0,0,0,0,97.32468097631408,1835,183600
42.47687911987305,47.647583,51707.03,0.61184776,0.03447336,0,0,0,0,0,114.77213628298217,1838,183900
45.08329772949219,50.25659,51732.938,0.61929464,0.025575595,0,0,0,0,0,115.05313420022826,1841,184200
44.8220100402832,49.995346,51733.375,0.60758185,0.013377488,0,0,0,0,0,118.32518157039355,1844,184500
45.06626510620117,50.238583,51723.17,0.60318077,0.010200141,0,0,0,0,0,116.94572021922484,1847,184800
43.6989631652832,48.874275,51753.11,0.58493066,0.008593133,0,0,0,0,0,115.44412791325675,1850,185100
44.10505676269531,49.28488,51798.25,0.58283854,0.021113478,0,0,0,0,0,100.3317013438871,1853,185400
45.291534423828125,50.47298,51814.477,0.5927028,0.016773783,0,0,0,0,0,91.45745149161475,1856,185700
43.80567932128906,48.988815,51831.375,0.7449326,0.020701032,0,0,0,0,0,113.81326727803216,1859,186000
45.396244049072266,50.58442,51881.758,0.6866003,0.018401653,0,0,0,0,0,99.37673741615524,1862,186300
42.83225631713867,48.020897,51886.42,0.6181836,0.01442921,0,0,0,0,0,112.96183950288759,1865,186600
43.98649597167969,49.177345,51908.516,0.6353027,0.01768323,0,0,0,0,0,118.0417059846216,1868,186900
44.466285705566406,49.65837,51920.844,0.5786918,0.029111486,0,0,0,0,0,99.004924824861,1871,187200
44.91380310058594,50.11313,51993.25,0.5862595,0.03288049,0,0,0,0,0,83.6598128244111,1874,187500
45.6749267578125,50.87213,51972.047,0.61975765,0.023118187,0,0,0,0,0,120.06648819553364,1877,187800
43.526390075683594,48.722702,51963.11,0.71809876,0.04134099,0,0,0,0,0,109.17416540102069,1880,188100
44.54478454589844,49.74934,52045.562,0.7564337,0.023959376,0,0,0,0,0,105.87611792346412,1883,188400
44.39049530029297,49.598583,52080.867,0.62152284,0.020401426,0,0,0,0,0,105.5250093237384,1886,188700
43.126190185546875,48.334877,52086.86,0.6725737,0.035960387,0,0,0,0,0,117.6651667851408,1889,189000
41.73847961425781,46.946808,52083.28,0.6675129,0.021810994,0,0,0,0,0,118.21332527581512,1892,189300
46.136592864990234,51.349606,52130.125,0.59365255,0.024676645,0,0,0,0,0,105.2204169752459,1895,189600
45.47936248779297,50.696793,52174.29,0.6125581,0.009399724,0,0,0,0,0,117.06535319845014,1898,189900
45.399776458740234,50.616463,52166.86,0.672515,0.01867513,0,0,0,0,0,115.1525579006603,1901,190200
43.96828079223633,49.19004,52217.594,0.62066686,0.007936553,0,0,0,0,0,117.61043169473118,1904,190500
45.87998580932617,51.10218,52221.953,0.6238115,0.0080891,0,0,0,0,0,105.50833867285634,1907,190800
45.545101165771484,50.768547,52234.47,0.5255167,0.030885015,0,0,0,0,0,121.99997965831491,1910,191100
45.58546447753906,50.810226,52247.625,0.6543194,0.018894568,0,0,0,0,0,106.0275973444737,1913,191400
42.924095153808594,48.15062,52265.25,0.6742004,0.01195807,0,0,0,0,0,102.30864498421525,1916,191700
45.77334976196289,51.00542,52320.71,0.5363616,0.02244559,0,0,0,0,0,113.86492551455697,1919,192000
46.57663345336914,51.811893,52352.594,0.49737877,0.011104597,0,0,0,0,0,107.64950085770778,1922,192300
43.98405456542969,49.22522,52411.67,0.64993465,0.037429884,0,0,0,0,0,108.58610530625585,1925,192600
44.96303939819336,50.205795,52427.562,0.669289,0.044876687,0,0,0,0,0,109.30415719636837,1928,192900
45.665584564208984,50.913437,52478.54,0.5772432,0.022280205,0,0,0,0,0,115.52481734108002,1931,193200
43.26409912109375,48.512207,52481.094,0.60418546,0.0496661,0,0,0,0,0,102.90026097539202,1934,193500
45.077232360839844,50.327797,52505.656,0.5903624,0.014578678,0,0,0,0,0,109.6218137630686,1937,193800
44.625282287597656,49.880806,52555.227,0.6282543,0.012076311,0,0,0,0,0,99.70702424579346,1940,194100
45.66682434082031,50.922745,52559.203,0.63359123,0.039860256,0,0,0,0,0,110.03026139138305,1943,194400
46.185794830322266,51.450573,52647.773,0.6115891,0.025961906,0,0,0,0,0,105.46186917232559,1946,194700
45.26835250854492,50.532944,52645.9,0.62783,0.012102349,0,0,0,0,0,116.90438226532042,1949,195000
44.15996551513672,49.42664,52666.734,0.5883677,0.015535736,0,0,0,0,0,130.23464909621563,1952,195300
43.92890548706055,49.200203,52712.977,0.6156145,0.016082264,0,0,0,0,0,111.31875777599116,1955,195600
43.0457763671875,48.324333,52785.562,0.5971473,0.038921937,0,0,0,0,0,119.9178764910469,1958,195900
41.09192657470703,46.36786,52759.344,0.74140745,0.01634064,0,0,0,0,0,115.70674048945577,1961,196200
44.1975212097168,49.475544,52780.22,0.62162733,0.018339135,0,0,0,0,0,114.69903084394224,1964,196500
47.24931335449219,52.530113,52808.0,0.48833576,0.009141833,0,0,0,0,0,114.54957349585547,1967,196800
44.595489501953125,49.879124,52836.35,0.596949,0.022806842,0,0,0,0,0,122.09398576038974,1970,197100
45.30521774291992,50.5885,52832.836,0.62858254,0.037781917,0,0,0,0,0,106.63928781270985,1973,197400
44.162391662597656,49.447063,52846.703,0.6477196,0.02670354,0,0,0,0,0,107.52277648123362,1976,197700
44.45394515991211,49.742683,52887.39,0.56878376,0.050778255,0,0,0,0,0,109.07415910839848,1979,198000
43.52299118041992,48.816345,52933.54,0.63026184,0.029931836,0,0,0,0,0,123.75826941549823,1982,198300
45.83922576904297,51.13394,52947.17,0.6213831,0.02701835,0,0,0,0,0,110.1665212943587,1985,198600
46.274932861328125,51.574326,52993.92,0.60927856,0.016931038,0,0,0,0,0,113.1923828577,1988,198900
46.484588623046875,51.786575,53019.883,0.61521304,0.039454725,0,0,0,0,0,115.72983365259185,1991,199200
47.00283432006836,52.305782,53029.492,0.58163166,0.008958202,0,0,0,0,0,106.46947054528357,1994,199500
48.142539978027344,53.44819,53056.5,0.6261092,0.0069381758,0,0,0,0,0,115.2699741746057,1997,199800
45.889644622802734,51.200695,53110.492,0.51195794,0.024435753,0,0,0,0,0,100.17558092335952,2000,200100
45.90439987182617,51.221516,53171.17,0.589151,0.018535852,0,0,0,0,0,116.56113414096275,2003,200400
42.5535888671875,47.864845,53112.58,0.58590806,0.0225667,0,0,0,0,0,111.71607307166606,2006,200700
44.245853424072266,49.56319,53173.367,0.5198405,0.029001925,0,0,0,0,0,111.21259833802308,2009,201000
45.234893798828125,50.55695,53220.57,0.55723214,0.028538963,0,0,0,0,0,117.89067001571375,2012,201300
46.44633483886719,51.768173,53218.375,0.55088705,0.020569846,0,0,0,0,0,110.18720397874031,2015,201600
47.26841354370117,52.59425,53258.36,0.5181244,0.022345249,0,0,0,0,0,101.24454207226472,2018,201900
47.25008010864258,52.578976,53288.97,0.52568847,0.011266089,0,0,0,0,0,101.37203904501796,2021,202200
45.868812561035156,51.20043,53316.18,0.6457306,0.026598457,0,0,0,0,0,75.7328524649955,2024,202500
46.62868118286133,51.965916,53372.35,0.590136,0.01317778,0,0,0,0,0,111.93086032838589,2027,202800
48.496009826660156,53.834465,53384.57,0.6297009,0.020541996,0,0,0,0,0,112.01254313231146,2030,203100
44.729434967041016,50.06564,53362.04,0.6353575,0.010130299,0,0,0,0,0,101.25837372043402,2033,203400
44.33476257324219,49.673122,53383.61,0.6868661,0.039956048,0,0,0,0,0,114.66277230019824,2036,203700
45.94923782348633,51.29191,53426.695,0.64998055,0.013468978,0,0,0,0,0,110.8917061548991,2039,204000
47.68092346191406,53.02334,53424.15,0.6357765,0.007486261,0,0,0,0,0,116.55712740358871,2042,204300
46.634910583496094,51.98001,53450.984,0.6079593,0.017049672,0,0,0,0,0,111.57012884378742,2045,204600
47.02181625366211,52.37097,53491.57,0.6299396,0.024377724,0,0,0,0,0,110.47185624643208,2048,204900
45.64768600463867,51.00241,53547.25,0.62159014,0.013667457,0,0,0,0,0,109.80405143483996,2051,205200
46.11787414550781,51.473816,53559.406,0.57833517,0.04285602,0,0,0,0,0,110.05995500288297,2054,205500
45.521202087402344,50.881615,53604.133,0.6738765,0.00926236,0,0,0,0,0,113.00206766427067,2057,205800
48.052059173583984,53.408043,53559.83,0.5293764,0.016779209,0,0,0,0,0,115.86557969069611,2060,206100
44.609886169433594,49.968796,53589.08,0.6337368,0.010749979,0,0,0,0,0,104.25738295743008,2063,206400
48.62168884277344,53.98152,53598.32,0.58250463,0.008961547,0,0,0,0,0,103.2204998510481,2066,206700
48.01220703125,53.3748,53625.97,0.59035504,0.008248151,0,0,0,0,0,115.24805117230031,2069,207000
47.78219985961914,53.145676,53634.766,0.57116544,0.0149296615,0,0,0,0,0,113.30560835828263,2072,207300
47.938899993896484,53.308895,53699.953,0.55848634,0.025246127,0,0,0,0,0,112.35545250803901,2075,207600
46.0068359375,51.37954,53727.016,0.6742103,0.018785672,0,0,0,0,0,105.84311419324186,2078,207900
47.05744552612305,52.43112,53736.75,0.53974414,0.0065612574,0,0,0,0,0,107.71598653950005,2081,208200
46.04941177368164,51.421944,53725.312,0.7314215,0.030984089,0,0,0,0,0,113.30117798183753,2084,208500
48.64152145385742,54.018635,53771.14,0.5656625,0.008020542,0,0,0,0,0,115.61467334823602,2087,208800
47.92283248901367,53.297894,53750.625,0.63087714,0.032405317,0,0,0,0,0,113.44410227211276,2090,209100
48.48444747924805,53.864693,53802.47,0.53269935,0.01412484,0,0,0,0,0,116.84029186711692,2093,209400
47.833885192871094,53.214302,53804.17,0.56886524,0.012631442,0,0,0,0,0,112.248668335932,2096,209700
46.36606979370117,51.74731,53812.42,0.54355425,0.022875343,0,0,0,0,0,109.98387570945867,2099,210000
49.62117004394531,55.006775,53856.03,0.6211444,0.00869716,0,0,0,0,0,105.39455087658226,2102,210300
45.76333999633789,51.146675,53833.36,0.637589,0.038193144,0,0,0,0,0,99.13839657228407,2105,210600
47.84353256225586,53.229553,53860.203,0.6010049,0.049511567,0,0,0,0,0,106.00693340923183,2108,210900
47.27550506591797,52.665176,53896.71,0.5755409,0.008116159,0,0,0,0,0,121.36338530752904,2111,211200
47.76046371459961,53.152374,53919.11,0.61143804,0.03821884,0,0,0,0,0,114.27148934424606,2114,211500
47.203067779541016,52.594498,53914.312,0.61396915,0.005834068,0,0,0,0,0,108.80586127795297,2117,211800
48.44700241088867,53.83912,53921.156,0.5545354,0.023444604,0,0,0,0,0,116.85615559684781,2120,212100
46.36769485473633,51.76214,53944.438,0.6864428,0.016854137,0,0,0,0,0,106.76436493271805,2123,212400
47.76892852783203,53.169205,54002.78,0.51339066,0.025810312,0,0,0,0,0,75.93198754058767,2126,212700
49.12232208251953,54.52143,53991.094,0.5395583,0.011346806,0,0,0,0,0,108.51233605263795,2129,213000
46.223182678222656,51.620537,53973.53,0.6077008,0.02109256,0,0,0,0,0,117.35974487494144,2132,213300
46.41608428955078,51.81458,53984.953,0.6375328,0.033609655,0,0,0,0,0,110.39833434374462,2135,213600
46.6175537109375,52.017284,53997.33,0.5691015,0.029763686,0,0,0,0,0,98.33337567262308,2138,213900
47.59354019165039,52.99292,53993.797,0.60944265,0.019253679,0,0,0,0,0,112.02285238806208,2141,214200
46.951744079589844,52.35181,54000.656,0.712176,0.015296338,0,0,0,0,0,101.00584005708613,2144,214500
47.49193572998047,52.891094,53991.58,0.68918633,0.019115496,0,0,0,0,0,117.07339229881381,2147,214800
47.94155502319336,53.343636,54020.797,0.6511141,0.049281083,0,0,0,0,0,100.11642595490291,2150,215100
49.83491897583008,55.241417,54064.984,0.62464833,0.0048549795,0,0,0,0,0,111.57754941837926,2153,215400
47.38087844848633,52.78904,54081.6,0.599939,0.021426588,0,0,0,0,0,111.87563902892045,2156,215700
47.88639450073242,53.296265,54098.688,0.66631854,0.0250531,0,0,0,0,0,117.26292972964626,2159,216000
46.720115661621094,52.125988,54058.71,0.68647105,0.013653474,0,0,0,0,0,112.50616896255615,2162,216300
49.116119384765625,54.528603,54124.812,0.55110383,0.02245797,0,0,0,0,0,111.85050047254352,2165,216600
48.27097702026367,53.690006,54190.297,0.5899098,0.02869194,0,0,0,0,0,113.71082596239107,2168,216900
46.279232025146484,51.695564,54163.336,0.63478076,0.023315985,0,0,0,0,0,106.54610632814506,2171,217200
48.611385345458984,54.02689,54155.03,0.6954342,0.024367992,0,0,0,0,0,114.92425609156187,2174,217500
49.560203552246094,54.98001,54198.094,0.6376778,0.019901292,0,0,0,0,0,116.53999323131492,2177,217800
47.544254302978516,52.96286,54186.047,0.632988,0.013912162,0,0,0,0,0,108.10187859023526,2180,218100
47.63335418701172,53.05056,54172.08,0.6611167,0.010033944,0,0,0,0,0,116.21265893359971,2183,218400
47.489402770996094,52.909943,54205.39,0.70157534,0.010643685,0,0,0,0,0,86.80067409087404,2186,218700
48.3819580078125,53.804493,54225.344,0.66741824,0.0150632,0,0,0,0,0,103.21988918913883,2189,219000
48.48335266113281,53.904465,54211.125,0.6348959,0.004966904,0,0,0,0,0,100.66919774571556,2192,219300
49.02215576171875,54.44832,54261.633,0.60494447,0.005490073,0,0,0,0,0,95.20860416766814,2195,219600
48.73503875732422,54.161613,54265.75,0.6944822,0.037812255,0,0,0,0,0,102.31028044786304,2198,219900
48.21730422973633,53.64477,54274.688,0.6027489,0.008263904,0,0,0,0,0,92.0210465430923,2201,220200
45.648284912109375,51.077766,54294.812,0.6302462,0.005851467,0,0,0,0,0,119.81666838734597,2204,220500
50.36867904663086,55.802704,54340.25,0.55510294,0.025941852,0,0,0,0,0,71.9879566865664,2207,220800
42.469459533691406,47.90302,54335.594,0.74381167,0.058312744,0,0,0,0,0,12.497809601800645,2210,221100
48.007835388183594,53.44358,54357.438,0.62562263,0.0072576366,0,0,0,0,0,111.9687173345098,2213,221400
48.514068603515625,53.949898,54358.28,0.68782127,0.018368658,0,0,0,0,0,117.69328296468008,2216,221700
48.54808044433594,53.984642,54365.61,0.63479847,0.0128113255,0,0,0,0,0,-35.71433450508436,2219,222000
44.716346740722656,50.15419,54378.42,0.73997676,0.011695257,0,0,0,0,0,131.3093981720219,2222,222300
50.08309555053711,55.519028,54359.33,0.58635545,0.005324239,0,0,0,0,0,32.38063033813278,2225,222600
48.188655853271484,53.629486,54408.297,0.69294995,0.044849686,0,0,0,0,0,102.9138189170489,2228,222900
49.56671142578125,55.007927,54412.156,0.55275023,0.0067238174,0,0,0,0,0,113.6256134982634,2231,223200
49.26178741455078,54.702984,54411.953,0.5706388,0.022948885,0,0,0,0,0,122.3808429142069,2234,223500
47.894100189208984,53.33866,54445.625,0.6958227,0.013215669,0,0,0,0,0,-4.073908606396608,2237,223800
50.33623504638672,55.78025,54440.14,0.5539827,0.0081017455,0,0,0,0,0,104.91634741501255,2240,224100
47.74555969238281,53.188713,54431.547,0.6330856,0.03419757,0,0,0,0,0,87.96839374102223,2243,224400
47.24381637573242,52.688637,54448.22,0.6904777,0.009129725,0,0,0,0,0,107.06595528001831,2246,224700
46.64829635620117,52.098476,54501.812,0.68695474,0.011435721,0,0,0,0,0,106.31618401139845,2249,225000
46.8726806640625,52.32514,54524.617,0.7733195,0.015785655,0,0,0,0,0,94.63544761147698,2252,225300
48.779212951660156,54.23327,54540.562,0.6672408,0.013502166,0,0,0,0,0,125.86911801285125,2255,225600
50.68956756591797,56.144966,54553.977,0.6655949,0.0045461515,0,0,0,0,0,61.31560042981427,2258,225900
49.202186584472656,54.661415,54592.266,0.5756843,0.008062566,0,0,0,0,0,101.80811237028954,2261,226200
50.068416595458984,55.528496,54600.78,0.6960658,0.04427455,0,0,0,0,0,108.67315419554454,2264,226500
50.461280822753906,55.923317,54620.36,0.63007456,0.034061022,0,0,0,0,0,112.26824891084355,2267,226800
47.754459381103516,53.217583,54631.22,0.7263656,0.023010692,0,0,0,0,0,114.49456041328419,2270,227100
48.54791259765625,54.01825,54703.375,0.61299634,0.0117041115,0,0,0,0,0,84.91102582589235,2273,227400
49.293113708496094,54.761814,54686.992,0.61706674,0.010547722,0,0,0,0,0,45.16478792641304,2276,227700
49.294822692871094,54.766453,54716.28,0.66066533,0.013450626,0,0,0,0,0,43.48980711474635,2279,228000
47.93655014038086,53.411148,54745.984,0.7386521,0.013420553,0,0,0,0,0,91.89470842168596,2282,228300
47.212345123291016,52.68853,54761.844,0.59749603,0.03446982,0,0,0,0,0,78.19846245711686,2285,228600
48.96318817138672,54.44123,54780.406,0.7825861,0.011249954,0,0,0,0,0,105.16644609408327,2288,228900
52.323673248291016,57.803375,54797.016,0.57559097,0.009724477,0,0,0,0,0,84.94836794539879,2291,229200
48.506412506103516,53.984497,54780.844,0.67703414,0.010315428,0,0,0,0,0,107.3967116867711,2294,229500
48.74610137939453,54.22802,54819.203,0.7878808,0.031809844,0,0,0,0,0,84.67994367349853,2297,229800
49.231666564941406,54.718834,54871.688,0.7017405,0.019396108,0,0,0,0,0,104.02497192162315,2300,230100
49.53596115112305,55.02231,54863.484,0.648849,0.009726198,0,0,0,0,0,118.73307366819883,2303,230400
51.095237731933594,56.582977,54877.414,0.6997459,0.0053133043,0,0,0,0,0,-10.686288716894103,2306,230700
51.3133430480957,56.80424,54908.97,0.6177269,0.011845602,0,0,0,0,0,57.5826491048857,2309,231000
51.249855041503906,56.74172,54918.617,0.5521942,0.02798194,0,0,0,0,0,26.668316444204912,2312,231300
49.75556182861328,55.249695,54941.32,0.59859157,0.040952966,0,0,0,0,0,80.00074674211439,2315,231600
50.04827880859375,55.54343,54951.516,0.6361422,0.023137316,0,0,0,0,0,43.704697638711664,2318,231900
48.882991790771484,54.380905,54979.125,0.5564159,0.041157603,0,0,0,0,0,102.92629083880084,2321,232200
48.73579025268555,54.231728,54959.39,0.6044322,0.01973467,0,0,0,0,0,-3.563512505497079,2324,232500
51.182552337646484,56.679314,54967.61,0.6118222,0.026705613,0,0,0,0,0,59.42658239591086,2327,232800
50.04533004760742,55.549248,55039.18,0.698798,0.038452346,0,0,0,0,0,126.39073888762768,2330,233100
51.103580474853516,56.606064,55024.844,0.6972081,0.03915541,0,0,0,0,0,42.40253029639089,2333,233400
51.3579216003418,56.86413,55062.08,0.6211189,0.019452441,0,0,0,0,0,123.03771118554633,2336,233700
48.054229736328125,53.562954,55087.258,0.68888545,0.050244838,0,0,0,0,0,111.92405623539783,2339,234000
52.42980194091797,57.940796,55109.953,0.7238163,0.005077624,0,0,0,0,0,60.02691015365724,2342,234300
48.4798469543457,53.995956,55161.094,0.68454635,0.023182645,0,0,0,0,0,59.30546224389423,2345,234600
48.6656608581543,54.185112,55194.516,0.80369765,0.022170749,0,0,0,0,0,86.94555381991381,2348,234900
50.244110107421875,55.764717,55206.08,0.6852976,0.024682427,0,0,0,0,0,124.08365743635552,2351,235200
48.12491989135742,53.6452,55202.78,0.63622916,0.012568692,0,0,0,0,0,27.780184913995342,2354,235500
48.27045822143555,53.79312,55226.633,0.60989976,0.015912725,0,0,0,0,0,120.19806182925016,2357,235800
48.79380798339844,54.31989,55260.83,0.64064634,0.018378194,0,0,0,0,0,109.44965043289498,2360,236100
51.79135513305664,57.322403,55310.484,0.58743143,0.008498188,0,0,0,0,0,129.2936557758376,2363,236400
49.3787956237793,54.910625,55318.305,0.665423,0.03080567,0,0,0,0,0,105.58654880296677,2366,236700
48.94166564941406,54.476677,55350.11,0.7312342,0.010573091,0,0,0,0,0,95.069649581705,2369,237000
48.713706970214844,54.248966,55352.61,0.7594063,0.010601798,0,0,0,0,0,110.08652903401324,2372,237300
48.4945182800293,54.033684,55391.67,0.71805227,0.02833255,0,0,0,0,0,70.5941188346217,2375,237600
50.607635498046875,56.14534,55377.03,0.68724954,0.021997714,0,0,0,0,0,115.47498904240354,2378,237900
49.331764221191406,54.875454,55436.9,0.68253404,0.015467516,0,0,0,0,0,72.76176004590243,2381,238200
50.289100646972656,55.8388,55497.0,0.7305584,0.028419746,0,0,0,0,0,64.03111162089073,2384,238500
52.37608337402344,57.926025,55499.43,0.62861615,0.005546108,0,0,0,0,0,73.0715896031104,2387,238800
49.11225509643555,54.66345,55511.938,0.70037735,0.03187303,0,0,0,0,0,48.64902612499849,2390,239100
48.92045974731445,54.468178,55477.18,0.7450967,0.01568868,0,0,0,0,0,35.320540695459215,2393,239400
49.773048400878906,55.325077,55520.28,0.634207,0.03305461,0,0,0,0,0,40.16992570100174,2396,239700
50.462364196777344,56.015907,55535.42,0.66522986,0.01651418,0,0,0,0,0,92.72128941764129,2399,240000
50.39542770385742,55.949898,55544.695,0.74612665,0.011015688,0,0,0,0,0,100.8219386508832,2402,240300
51.32450866699219,56.88205,55575.42,0.6252563,0.011730544,0,0,0,0,0,33.772076291605444,2405,240600
48.33717727661133,53.898705,55615.28,0.68453497,0.024048574,0,0,0,0,0,51.21939861457113,2408,240900
52.42549133300781,57.986355,55608.64,0.63057435,0.011405215,0,0,0,0,0,80.42131417527403,2411,241200
49.1845588684082,54.743523,55589.625,0.6034615,0.024269931,0,0,0,0,0,95.33003905337077,2414,241500
49.68865966796875,55.24929,55606.32,0.7143716,0.04616119,0,0,0,0,0,70.53727587965992,2417,241800
50.966644287109375,56.529667,55630.22,0.7028562,0.0071657337,0,0,0,0,0,117.67011139628514,2420,242100
50.75905990600586,56.326744,55676.844,0.55217123,0.008227877,0,0,0,0,0,105.3756095729148,2423,242400
48.582176208496094,54.148354,55661.766,0.6201811,0.03078788,0,0,0,0,0,120.22221498858981,2426,242700
50.45467758178711,56.02321,55685.312,0.6502602,0.0057843784,0,0,0,0,0,111.71534784920908,2429,243000
49.23969268798828,54.809303,55696.094,0.80492806,0.012992105,0,0,0,0,0,103.67460887824923,2432,243300
50.678733825683594,56.24888,55701.47,0.7351792,0.022237089,0,0,0,0,0,113.04910559754208,2435,243600
51.13692092895508,56.711353,55744.33,0.6142894,0.017380746,0,0,0,0,0,101.15835455716825,2438,243900
50.240577697753906,55.814278,55736.984,0.65602005,0.010625072,0,0,0,0,0,108.83892351217085,2441,244200
50.18367004394531,55.758736,55750.656,0.65755546,0.035947926,0,0,0,0,0,110.78108191136327,2444,244500
51.129981994628906,56.70424,55742.58,0.58032715,0.020029344,0,0,0,0,0,117.35199277319549,2447,244800
49.66455841064453,55.24621,55816.484,0.77160054,0.0064754905,0,0,0,0,0,103.41594988892338,2450,245100
49.09941101074219,54.687943,55885.297,0.744874,0.014470716,0,0,0,0,0,84.05240164129741,2453,245400
48.373451232910156,53.960293,55868.43,0.71618974,0.01886204,0,0,0,0,0,93.61668363367527,2456,245700
52.430702209472656,58.018677,55879.75,0.66619444,0.011805855,0,0,0,0,0,115.30361841580797,2459,246000
50.08183670043945,55.66873,55868.938,0.6965579,0.020417806,0,0,0,0,0,104.08431006409772,2462,246300
51.760799407958984,57.348076,55872.766,0.6929201,0.0041703153,0,0,0,0,0,111.72053459928345,2465,246600
52.1151008605957,57.710514,55954.14,0.6707314,0.029451782,0,0,0,0,0,109.81325604089176,2468,246900
51.027565002441406,56.621197,55936.33,0.61365473,0.032981414,0,0,0,0,0,96.0000199570081,2471,247200
52.471744537353516,58.065178,55934.33,0.5948128,0.024727035,0,0,0,0,0,119.63089883796754,2474,247500
49.18238067626953,54.77468,55923.0,0.70682955,0.019469425,0,0,0,0,0,95.56072189087772,2477,247800
51.40314483642578,56.999947,55968.016,0.69153047,0.006341043,0,0,0,0,0,85.98618952529964,2480,248100
50.1608772277832,55.761635,56007.562,0.7236223,0.020405594,0,0,0,0,0,51.34760779509529,2483,248400
51.56039810180664,57.15779,55973.92,0.73260987,0.014121232,0,0,0,0,0,46.94009193759373,2486,248700
50.36564636230469,55.96657,56009.273,0.6581477,0.014682144,0,0,0,0,0,89.20900374437134,2489,249000
51.86576843261719,57.463554,55977.844,0.651503,0.0055529615,0,0,0,0,0,55.07414266022701,2492,249300
49.19710159301758,54.798645,56015.42,0.708878,0.032962903,0,0,0,0,0,16.296124437145103,2495,249600
53.281097412109375,58.88414,56030.406,0.661162,0.016023848,0,0,0,0,0,81.9082341831198,2498,249900
53.07803726196289,58.68589,56078.547,0.6367473,0.007927198,0,0,0,0,0,47.20592616569572,2501,250200
49.11589050292969,54.72519,56092.984,0.66676927,0.029966967,0,0,0,0,0,49.099522649060454,2504,250500
51.23657989501953,56.84559,56090.1,0.69475734,0.009343602,0,0,0,0,0,66.026348061593,2507,250800
50.265830993652344,55.87732,56114.906,0.7592229,0.04558299,0,0,0,0,0,94.09660037147067,2510,251100
51.532894134521484,57.144135,56112.42,0.6515242,0.0064217276,0,0,0,0,0,97.30470137628315,2513,251400
51.64888381958008,57.259033,56101.484,0.7036762,0.008533195,0,0,0,0,0,102.17301616013293,2516,251700
51.49418640136719,57.105152,56109.64,0.65228,0.010601126,0,0,0,0,0,99.34740015034315,2519,252000
49.986209869384766,55.601944,56157.344,0.69832796,0.02392734,0,0,0,0,0,98.13505333824625,2522,252300
49.710479736328125,55.328667,56181.86,0.61665905,0.022934798,0,0,0,0,0,109.20387337106331,2525,252600
51.78550720214844,57.407623,56221.18,0.65919924,0.007951833,0,0,0,0,0,109.68866137915774,2528,252900
51.58927917480469,57.213894,56246.15,0.584575,0.013949465,0,0,0,0,0,48.329550727168424,2531,253200
51.57497787475586,57.19961,56246.336,0.5654103,0.01833595,0,0,0,0,0,110.83496163974715,2534,253500
50.3815803527832,56.00643,56248.5,0.7606661,0.015112282,0,0,0,0,0,65.72268833850245,2537,253800
52.95029067993164,58.57734,56270.5,0.66158336,0.013658982,0,0,0,0,0,57.47913169737745,2540,254100
49.970375061035156,55.596222,56258.47,0.6357238,0.043356363,0,0,0,0,0,97.9313763570522,2543,254400
51.1488037109375,56.776768,56279.633,0.67806435,0.005766338,0,0,0,0,0,96.67562746777466,2546,254700
50.86682891845703,56.49581,56289.844,0.709363,0.0312631,0,0,0,0,0,104.11690793356105,2549,255000
49.808326721191406,55.43828,56299.5,0.6963535,0.012259351,0,0,0,0,0,96.89689456869276,2552,255300
52.04512023925781,57.676575,56314.54,0.6771718,0.032850582,0,0,0,0,0,114.00822291520478,2555,255600
52.22279739379883,57.85737,56345.703,0.5707394,0.004435719,0,0,0,0,0,103.82665433561604,2558,255900
52.09316635131836,57.729836,56366.688,0.6392007,0.008029927,0,0,0,0,0,27.598287824443013,2561,256200
50.38143539428711,56.023396,56419.594,0.5772613,0.00872162,0,0,0,0,0,106.8266066952814,2564,256500
52.15795135498047,57.799026,56410.773,0.59132874,0.039361574,0,0,0,0,0,103.86185627975343,2567,256800
53.00352478027344,58.647713,56441.89,0.64050484,0.016900156,0,0,0,0,0,104.30062084988475,2570,257100
51.89781951904297,57.54827,56504.516,0.56840384,0.0218359,0,0,0,0,0,112.01295679328415,2573,257400
50.952735900878906,56.603043,56503.07,0.8429256,0.011037935,0,0,0,0,0,103.8705331501312,2576,257700
52.65169906616211,58.308716,56570.17,0.47802925,0.005299738,0,0,0,0,0,103.39927143848793,2579,258000
51.93180847167969,57.5893,56574.906,0.59473413,0.014281808,0,0,0,0,0,115.19588870157985,2582,258300
53.24195861816406,58.90103,56590.72,0.65415967,0.0058582365,0,0,0,0,0,99.42453543879158,2585,258600
51.95579147338867,57.613937,56581.453,0.73001176,0.027560119,0,0,0,0,0,107.24952325446769,2588,258900
53.76417922973633,59.425568,56613.89,0.6135535,0.016270023,0,0,0,0,0,99.71773741240536,2591,259200
54.2633171081543,59.927437,56641.195,0.6477804,0.026339063,0,0,0,0,0,110.88239043998713,2594,259500
51.030433654785156,56.699623,56691.906,0.66050434,0.016838824,0,0,0,0,0,117.77543802653024,2597,259800
53.59654235839844,59.27071,56741.67,0.62142587,0.0072055175,0,0,0,0,0,96.02837147357386,2600,260100
52.41312026977539,58.09003,56769.117,0.5592721,0.047030874,0,0,0,0,0,118.34842099325773,2603,260400
55.09972381591797,60.774918,56751.953,0.5198591,0.008280729,0,0,0,0,0,106.48288225091834,2606,260700
49.025238037109375,54.707363,56821.273,0.788617,0.030359183,0,0,0,0,0,103.30559702405125,2609,261000
54.709617614746094,60.39248,56828.594,0.5274577,0.028180331,0,0,0,0,0,104.01447555707655,2612,261300
55.65017318725586,61.335255,56850.812,0.6879294,0.02328591,0,0,0,0,0,100.20652781788388,2615,261600
56.228057861328125,61.912704,56846.47,0.6881325,0.017080802,0,0,0,0,0,110.436814459387,2618,261900
50.30360412597656,55.989677,56860.75,0.6162582,0.021763261,0,0,0,0,0,56.007489549872844,2621,262200
52.63327407836914,58.32494,56916.656,0.57225317,0.03170574,0,0,0,0,0,64.14639103168149,2624,262500
53.44197463989258,59.13781,56958.36,0.60484624,0.007244113,0,0,0,0,0,44.081740142175875,2627,262800
53.8669548034668,59.56266,56957.055,0.6117554,0.038273327,0,0,0,0,0,18.704889990252784,2630,263100
52.994354248046875,58.692513,56981.586,0.5762862,0.035045233,0,0,0,0,0,71.30615811794472,2633,263400
54.13249588012695,59.833508,57010.125,0.7460324,0.015092865,0,0,0,0,0,81.05294479368169,2636,263700
54.5602912902832,60.26034,57000.516,0.6271925,0.008207993,0,0,0,0,0,63.41892127054298,2639,264000
51.98212432861328,57.683002,57008.797,0.51721156,0.012937493,0,0,0,0,0,103.38664515125154,2642,264300
53.515159606933594,59.221695,57065.344,0.6893579,0.0030460039,0,0,0,0,0,41.194529747584426,2645,264600
52.06808853149414,57.773872,57057.844,0.6938896,0.0148695195,0,0,0,0,0,98.33059285262232,2648,264900
52.56098937988281,58.26937,57083.83,0.7470778,0.007641983,0,0,0,0,0,68.00151180636406,2651,265200
53.1362190246582,58.843678,57074.594,0.6833943,0.008751667,0,0,0,0,0,93.30625871271201,2654,265500
51.172340393066406,56.88455,57122.062,0.70000374,0.011302677,0,0,0,0,0,96.06102798966704,2657,265800
52.228309631347656,57.93851,57102.03,0.6307608,0.009614645,0,0,0,0,0,103.52379865759305,2660,266100
52.29849624633789,58.013863,57153.67,0.76973903,0.024605252,0,0,0,0,0,20.409664036915753,2663,266400
52.61896514892578,58.334103,57151.39,0.6026682,0.0112915225,0,0,0,0,0,8.663041804757725,2666,266700
50.37681579589844,56.094936,57181.22,0.73229647,0.037363548,0,0,0,0,0,108.02818777815247,2669,267000
52.00172424316406,57.71644,57147.125,0.5551667,0.017062254,0,0,0,0,0,61.30984512488526,2672,267300
53.573246002197266,59.292168,57189.21,0.58593,0.009722964,0,0,0,0,0,101.53899505184252,2675,267600
54.21372985839844,59.933453,57197.22,0.5730199,0.004179201,0,0,0,0,0,97.11416455875522,2678,267900
53.176876068115234,58.897263,57203.86,0.62217736,0.015167901,0,0,0,0,0,105.26569486876386,2681,268200
51.051063537597656,56.770767,57197.047,0.65766186,0.024937566,0,0,0,0,0,10.708459673307695,2684,268500
55.474510192871094,61.196426,57219.156,0.626148,0.0042873323,0,0,0,0,0,106.29810292470208,2687,268800
52.99213790893555,58.72025,57281.125,0.61842334,0.014550399,0,0,0,0,0,64.77267095723033,2690,269100
54.09332275390625,59.825027,57317.062,0.5796504,0.0074555464,0,0,0,0,0,32.002674095044156,2693,269400
52.51686096191406,58.247787,57309.273,0.74448824,0.020745786,0,0,0,0,0,113.53620741790813,2696,269700
51.91045379638672,57.6429,57324.438,0.6944988,0.044013076,0,0,0,0,0,57.29980838817903,2699,270000
51.2292366027832,56.962112,57328.75,0.66639817,0.029188413,0,0,0,0,0,29.849211211844093,2702,270300
52.83438491821289,58.568203,57338.188,0.56800807,0.007984688,0,0,0,0,0,82.0273782057541,2705,270600
53.778114318847656,59.514908,57367.953,0.63616,0.007002034,0,0,0,0,0,124.04209215826606,2708,270900
54.55400848388672,60.294476,57404.688,0.69284856,0.009205898,0,0,0,0,0,105.38580948554342,2711,271200
51.278446197509766,57.01824,57397.97,0.76567674,0.023556251,0,0,0,0,0,99.31853786749942,2714,271500
52.42710876464844,58.169098,57419.875,0.60412717,0.0064399843,0,0,0,0,0,108.48815388111218,2717,271800
54.41581726074219,60.157974,57421.555,0.588524,0.01095348,0,0,0,0,0,101.33646254924754,2720,272100
54.38146209716797,60.12849,57470.297,0.6048587,0.011204438,0,0,0,0,0,102.8508147042304,2723,272400
51.363197326660156,57.112007,57488.086,0.67867804,0.02201455,0,0,0,0,0,40.57953924792419,2726,272700
54.973812103271484,60.72182,57480.094,0.56897485,0.003937261,0,0,0,0,0,71.02512373838297,2729,273000
51.5014533996582,57.253696,57522.438,0.7834282,0.036215015,0,0,0,0,0,124.96982053362547,2732,273300
51.33448791503906,57.090775,57562.875,0.75789046,0.01407475,0,0,0,0,0,123.11286820148342,2735,273600
51.416099548339844,57.173023,57569.234,0.6194725,0.016819203,0,0,0,0,0,101.04062990116144,2738,273900
53.773563385009766,59.53455,57609.85,0.6657212,0.026530216,0,0,0,0,0,126.30911938868533,2741,274200
52.56947326660156,58.33465,57651.75,0.5764804,0.04365287,0,0,0,0,0,72.52337861840986,2744,274500
56.34041976928711,62.106342,57659.234,0.5153607,0.01449028,0,0,0,0,0,28.337845221398826,2747,274800
52.47950744628906,58.244606,57650.97,0.64588463,0.0049176496,0,0,0,0,0,70.04175251996878,2750,275100
53.318939208984375,59.086468,57675.266,0.62665015,0.012144163,0,0,0,0,0,-31.202830341469095,2753,275400
54.61613082885742,60.386093,57699.61,0.5609706,0.015249217,0,0,0,0,0,-42.0662850807394,2756,275700
53.15802001953125,58.93178,57737.61,0.48279613,0.03176947,0,0,0,0,0,12.544085942744749,2759,276000
52.807525634765625,58.58271,57751.844,0.50219834,0.01563711,0,0,0,0,0,-14.6863256714527,2762,276300
55.46769714355469,61.247314,57796.17,0.58649683,0.0130955335,0,0,0,0,0,58.085132709754404,2765,276600
51.546016693115234,57.3254,57793.86,0.7752427,0.008107584,0,0,0,0,0,71.13377061677157,2768,276900
55.05374526977539,60.835648,57819.023,0.60205555,0.023612661,0,0,0,0,0,-73.10458259718533,2771,277200
51.5377311706543,57.318302,57805.695,0.6575483,0.029019525,0,0,0,0,0,2.756497702935729,2774,277500
50.23721694946289,56.01896,57817.438,0.63719606,0.010233164,0,0,0,0,0,-0.3772453731812391,2777,277800
54.58355712890625,60.367355,57837.984,0.5886942,0.007442401,0,0,0,0,0,104.6326321967518,2780,278100
50.96572494506836,56.752937,57872.11,0.6850854,0.012111822,0,0,0,0,0,-44.85051014823192,2783,278400
54.425201416015625,60.211475,57862.75,0.57194453,0.009461323,0,0,0,0,0,47.51915632293444,2786,278700
50.390960693359375,56.174397,57834.35,0.68594027,0.017939087,0,0,0,0,0,71.72735241669632,2789,279000
54.73368453979492,60.521755,57880.695,0.56198645,0.008258973,0,0,0,0,0,21.63361698247974,2792,279300
52.381011962890625,58.16521,57841.97,0.63326335,0.019096633,0,0,0,0,0,-19.461122666520836,2795,279600
54.408226013183594,60.195084,57868.594,0.6160835,0.0036920488,0,0,0,0,0,89.78772849362848,2798,279900
53.531761169433594,59.32083,57890.695,0.74197435,0.026571712,0,0,0,0,0,-21.498314876836737,2801,280200
52.17642593383789,57.967926,57915.016,0.60141706,0.011703824,0,0,0,0,0,-26.447332670170887,2804,280500
54.83536148071289,60.63064,57952.78,0.78097755,0.017039258,0,0,0,0,0,114.95282949857223,2807,280800
54.47759246826172,60.270874,57932.83,0.59523606,0.015251372,0,0,0,0,0,12.869561075349278,2810,281100
53.68135070800781,59.481544,58001.92,0.54024637,0.0255351,0,0,0,0,0,-7.479357372601216,2813,281400
54.854454040527344,60.653603,57991.47,0.6717182,0.026593165,0,0,0,0,0,-16.263582232544863,2816,281700
53.46271514892578,59.26586,58031.484,0.68999326,0.013704918,0,0,0,0,0,10.671586102184689,2819,282000
50.34919357299805,56.150467,58012.75,0.92850953,0.020802295,0,0,0,0,0,96.28222426602383,2822,282300
54.635986328125,60.439785,58037.97,0.6576943,0.00375424,0,0,0,0,0,-10.341249789966952,2825,282600
53.87642288208008,59.67973,58033.08,0.7106611,0.0072209095,0,0,0,0,0,-43.974036747392304,2828,282900
52.86781311035156,58.675114,58072.992,0.6306658,0.018975934,0,0,0,0,0,11.878550226700678,2831,283200
54.249786376953125,60.058914,58091.266,0.7572493,0.013612513,0,0,0,0,0,4.774417521056146,2834,283500
53.73041534423828,59.542572,58121.547,0.6084257,0.0063685784,0,0,0,0,0,30.146006052597123,2837,283800
52.7511100769043,58.564827,58137.17,0.6551093,0.009576606,0,0,0,0,0,-22.21430153239976,2840,284100
55.042293548583984,60.85424,58119.477,0.70279276,0.017458562,0,0,0,0,0,12.655243893166151,2843,284400
54.89326095581055,60.705517,58122.57,0.6082895,0.03558784,0,0,0,0,0,40.26828723322827,2846,284700
54.9422607421875,60.757874,58156.133,0.70558894,0.007755143,0,0,0,0,0,13.02755789629848,2849,285000
53.356834411621094,59.1749,58180.67,0.7950656,0.0120835155,0,0,0,0,0,5.692825917413135,2852,285300
55.09137725830078,60.90924,58178.656,0.6503172,0.04414621,0,0,0,0,0,54.45207630779345,2855,285600
52.77862548828125,58.596664,58180.406,0.69508946,0.009328263,0,0,0,0,0,-53.99204448446712,2858,285900
51.12544631958008,56.94876,58233.164,0.7181554,0.008432641,0,0,0,0,0,-44.78918100218904,2861,286200
55.62722396850586,61.447994,58207.72,0.5472522,0.0218511,0,0,0,0,0,-17.40847189590477,2864,286500
52.688663482666016,58.50979,58211.266,0.65009487,0.0058762725,0,0,0,0,0,-22.183352870290847,2867,286800
53.42689895629883,59.25142,58245.203,0.595719,0.019907162,0,0,0,0,0,-31.836077183299263,2870,287100
53.25349426269531,59.078663,58251.703,0.73790246,0.016750574,0,0,0,0,0,-8.572424728682233,2873,287400
53.92861557006836,59.757812,58291.96,0.64871645,0.021643687,0,0,0,0,0,-0.9915441322819387,2876,287700
53.862518310546875,59.691414,58288.97,0.59839237,0.04165592,0,0,0,0,0,87.07457717636035,2879,288000
52.013832092285156,57.844975,58311.42,0.7239002,0.010142343,0,0,0,0,0,-51.098881077250326,2882,288300
53.4782600402832,59.308952,58306.92,0.64877635,0.0189999,0,0,0,0,0,-15.653057414243701,2885,288600
50.90293502807617,56.73784,58349.03,0.7928612,0.031461284,0,0,0,0,0,-15.45119317072214,2888,288900
53.67271423339844,59.507446,58347.312,0.6328956,0.019149587,0,0,0,0,0,-4.300447376933192,2891,289200
53.358821868896484,59.193657,58348.336,0.6483042,0.015182709,0,0,0,0,0,13.132921577107945,2894,289500
53.5288200378418,59.365578,58367.586,0.64604104,0.007856322,0,0,0,0,0,45.04071747355027,2897,289800
55.27034378051758,61.11438,58440.35,0.6589854,0.0147670405,0,0,0,0,0,-29.2325003466326,2900,290100
54.18667984008789,60.026245,58395.64,0.694832,0.0092794,0,0,0,0,0,88.17443773871636,2903,290400
52.395843505859375,58.23859,58427.453,0.69519174,0.02303562,0,0,0,0,0,-23.537731344549783,2906,290700
54.925540924072266,60.768105,58425.625,0.63372076,0.012443993,0,0,0,0,0,26.289932167784855,2909,291000
52.54832458496094,58.390083,58417.58,0.6140211,0.00893102,0,0,0,0,0,-8.2408201450603,2912,291300
54.22289276123047,60.063984,58410.9,0.53602755,0.025887469,0,0,0,0,0,112.04499992036611,2915,291600
53.9914436340332,59.834152,58427.08,0.6166004,0.025350668,0,0,0,0,0,34.66879454380331,2918,291900
54.34138870239258,60.18345,58420.594,0.6482441,0.02246184,0,0,0,0,0,-125.42747817073005,2921,292200
53.685306549072266,59.530846,58455.4,0.50699896,0.007709779,0,0,0,0,0,-20.537871014504827,2924,292500
51.036869049072266,56.880028,58431.594,0.75321805,0.0075768423,0,0,0,0,0,44.41165680837991,2927,292800
51.03632736206055,56.883827,58475.016,0.74212074,0.022414364,0,0,0,0,0,-37.57019327003757,2930,293100
53.42988204956055,59.275146,58452.64,0.64169157,0.0183417,0,0,0,0,0,21.17485853654693,2933,293400
54.431880950927734,60.27795,58460.71,0.6765041,0.017167855,0,0,0,0,0,15.778456224000317,2936,293700
52.35837173461914,58.20092,58425.5,0.70926553,0.005236238,0,0,0,0,0,-32.55274054588687,2939,294000
53.524620056152344,59.374386,58497.67,0.6876788,0.022093274,0,0,0,0,0,-1.3289253173013171,2942,294300
52.108760833740234,57.959984,58512.227,0.7776474,0.014905315,0,0,0,0,0,-15.204792859072725,2945,294600
