ELBO_task,loglikelihood_task,KL_loss_task,Pred_obs_loss_task,Pred_rew_loss_task,AverageReturn,Pred_obs_loss,Pred_rew_loss,ELBO,loglikelihood,KL_loss,Epoch
-527952609280.0,-527952600000.0,81221.31,257691360.0,2509295.5,16.37850131431789,46505030.0,2504944.0,-10672598016.0,-10672598000.0,80390.41,50
-25568434176.0,-25568434000.0,80763.14,77630530.0,5177581.0,-13.97783361476045,30586166.0,4635489.0,-2888375552.0,-2888375600.0,80197.72,53
-10604431360.0,-10604431000.0,80518.94,29834024.0,5560210.0,-17.917795968356305,36760200.0,6598562.5,-960752448.0,-960752450.0,80134.72,56
-12355266560.0,-12355267000.0,80411.95,66074936.0,9861038.0,-1.0556575427955397,43539076.0,696114.25,-622243200.0,-622243200.0,80087.2,59
-79102808.0,-79102800.0,80368.83,44283828.0,974269.4,-26.07669819806676,36257750.0,6431742.0,-6805746.0,-6805738.0,80093.34,62
-114017152.0,-114017144.0,80349.8,44364336.0,986900.44,-17.43435962775412,23458350.0,894253.25,-2192553.0,-2192545.0,80078.086,65
-142267120.0,-142267100.0,80330.05,51137076.0,914484.9,-6.851685776267232,46214256.0,532442.9,-3487562.75,-3487554.8,80060.92,68
-514976512.0,-514976500.0,80319.56,59814964.0,1317829.0,-34.984031784439665,33422312.0,13487392.0,-11388272.0,-11388264.0,80094.23,71
-8089250.5,-8089242.5,80300.38,39952880.0,7959006.0,-8.724837984876961,40649670.0,2475817.5,-4426056.0,-4426048.0,80076.04,74
-42360360.0,-42360350.0,80288.1,67268880.0,3869147.0,-24.408154181383495,22202734.0,2286252.0,-3049521.0,-3049513.0,80054.22,77
-128859808.0,-128859800.0,80271.3,34542850.0,3281098.0,-3.8463570374215172,40299136.0,573470.6,-3115063.25,-3115055.2,80077.414,80
-20092870.0,-20092862.0,80261.59,26139694.0,3274079.5,-5.264735798290684,40417416.0,780898.4,-3263428.5,-3263420.5,80056.78,83
-4619640.0,-4619632.0,80254.06,53024944.0,1524371.1,-17.97944910635951,26653068.0,463323.22,-2117131.75,-2117123.8,80023.734,86
-3668745.5,-3668737.5,80249.516,46958456.0,725776.4,-11.687994821600661,41718504.0,2352367.5,-4414846.0,-4414838.0,79977.94,89
-3372433.25,-3372425.2,80239.91,31241738.0,1859554.8,-14.936106909071924,22576308.0,313951.5,-1740190.75,-1740182.8,79919.016,92
-5700515.0,-5700507.0,80233.51,28774112.0,5546783.0,-24.326320633761487,28708468.0,426899.47,-2231569.0,-2231561.0,79876.1,95
-8572479.0,-8572471.0,80210.08,24738748.0,10194540.0,-1.6388849222726778,32642264.0,197213.67,-2342336.5,-2342328.5,79806.05,98
-2136719.25,-2136711.2,80169.9,28000598.0,357516.6,-7.825506337861536,23853236.0,1237647.0,-2451640.5,-2451632.5,79770.18,101
-2231934.25,-2231926.2,80120.52,21815748.0,1116711.6,-33.28267239113567,15567012.0,209538.31,-1195234.25,-1195226.2,79687.875,104
-1672138.5,-1672130.5,80060.91,18360268.0,634987.06,-6.391128814475598,21473676.0,223820.88,-1604589.0,-1604581.0,79574.75,107
-3994601.25,-3994593.2,80016.125,37003012.0,2202874.5,-13.058098705425875,17292852.0,407098.0,-1445701.875,-1445693.9,79505.516,110
-4224110.5,-4224102.5,79949.984,51431216.0,1099225.1,-2.186548392467091,18102496.0,807853.44,-1771670.25,-1771662.2,79414.41,113
-2180824.5,-2180816.5,79867.836,28176736.0,405082.03,-20.224493307109935,14181160.0,198262.98,-1093827.125,-1093819.2,79305.67,116
-2702164.25,-2702156.2,79775.125,34588370.0,534360.9,-15.245144634481669,8375785.0,285091.72,-759746.0625,-759738.1,79281.34,119
-1949203.5,-1949195.5,79657.695,24449004.0,435563.12,-17.400130407416412,12880273.0,97349.5,-37215912.0,-37215904.0,79262.83,122
-1348689.5,-1348681.5,79526.66,18162008.0,176816.58,-26.472953865722474,12123311.0,156693.25,-926448.125,-926440.2,79200.59,125
-823243.625,-823235.7,79387.91,10258030.0,190704.61,-8.75669419951451,10877836.0,81765.96,-791468.375,-791460.44,79101.39,128
-2217638.5,-2217630.5,79246.61,24741426.0,803017.5,-19.407420621782652,14095686.0,29868.387,-974094.625,-974086.75,79006.69,131
-1583601.375,-1583593.5,79122.41,15085202.0,831652.6,-21.791330964490232,8178178.0,25421.133,-570661.5,-570653.6,78937.05,134
-568909.0625,-568901.1,79078.78,5996381.5,241010.92,-24.727014958313184,6830108.0,12108.4,-470432.34375,-470424.47,78896.07,137
-1451468.875,-1451461.0,79005.484,19439304.0,200975.47,-25.198741910959857,6150235.0,7317.8994,-421185.34375,-421177.47,78837.84,140
-655988.0,-655980.1,78935.36,8495224.0,119813.13,-20.18906826907934,8019259.5,8000.2495,-548119.5625,-548111.7,78791.92,143
-964615.75,-964607.9,78876.75,12251120.0,200317.1,-8.378733398214678,4052618.5,7135.074,-279120.875,-279113.0,78758.79,146
-1725952.875,-1725945.0,78835.66,14456506.0,1104891.0,-5.772786579984012,3560917.0,4264.8965,-243906.40625,-243898.53,78732.52,149
-555346.0625,-555338.2,78780.15,7891376.0,31468.023,-14.77587924664045,6863703.0,3206.2942,-466681.8125,-466673.94,78715.74,152
-263474.6875,-263466.8,78713.08,3364330.0,52841.777,-14.263643812542723,4089821.0,541.6709,-277176.65625,-277168.78,78735.7,155
-449138.1875,-449130.3,78633.42,6322604.0,31390.002,-38.18548600288921,4009875.5,48.36203,-271433.125,-271425.25,78769.06,158
-289561.96875,-289554.12,78543.66,3881694.2,39657.547,-2.094855925659464,2559510.8,28.14135,-173276.703125,-173268.83,78800.33,161
-359027.71875,-359019.88,78497.55,4960112.0,34473.01,-22.33796145106318,2476067.5,79.22366,-167664.875,-167656.98,78834.79,164
-4056871.75,-4056864.0,78446.66,3658752.8,81173.28,-32.33089966068422,2520459.8,15.277794,-170625.53125,-170617.64,78902.98,167
-390628.9375,-390621.1,78394.805,5505647.0,26620.098,-10.947150211735307,2126572.5,58.395916,-144001.28125,-143993.39,78939.734,170
-185627.78125,-185619.95,78348.016,2389082.0,35323.64,-15.985815276309872,1123627.9,58.66359,-76134.578125,-76126.68,79004.734,173
-258995.921875,-258988.1,78345.09,3106444.5,72011.67,-6.330302136291123,1568264.2,11.75148,-106190.328125,-106182.42,79062.42,176
-192863.71875,-192855.89,78311.016,2563391.2,28586.053,-22.524630760279457,1236431.5,19.800655,-83741.4453125,-83733.53,79142.445,179
-349280.75,-349272.94,78274.32,3147219.8,201358.11,-25.62137971332603,1240813.5,21.850101,-84039.3515625,-84031.43,79217.875,182
-180330.359375,-180322.53,78223.63,2440222.2,22381.033,-22.889943748529397,783302.9,7.1017566,-53070.71875,-53062.793,79265.984,185
-111030.390625,-111022.57,78178.83,1542133.5,9777.649,-14.590389499431986,758919.1,3.1067119,-51418.02734375,-51410.098,79283.64,188
-247773.75,-247765.94,78109.49,3157399.5,50331.93,-1.2296851311340866,555336.75,5.7017345,-37643.8359375,-37635.91,79251.42,191
-156809.4375,-156801.62,78057.17,2123978.5,19245.973,-16.660906068479694,1125071.5,4.108166,-76195.359375,-76187.44,79193.86,194
-100644.359375,-100636.56,77997.08,1268864.0,21756.053,-22.838416928433226,893640.6,10.171879,-60539.08203125,-60531.168,79128.86,197
-106044.9375,-106037.15,77910.95,1506222.2,6001.259,-56.38741466385778,583564.9,2.3799372,-39551.7109375,-39543.797,79134.08,200
-45586.47265625,-45578.684,77877.31,672759.0,1.381981,-34.41938854217504,619713.4,1.9647751,-41997.5234375,-41989.6,79210.78,203
-26042.564453125,-26034.871,76935.39,383488.97,2.756051,-38.37349969416781,276868.44,9.996126,-18803.458984375,-18795.53,79298.68,206
-24870.115234375,-24862.438,76776.95,366509.3,11.654004,-15.853321205425065,417750.75,3.950535,-28332.544921875,-28324.61,79360.516,209
-12162.009765625,-12154.329,76811.14,178796.7,2.728598,-3.8972681252122054,266327.56,1.2237076,-18084.26171875,-18076.318,79436.516,212
-16693.26953125,-16685.582,76880.07,245722.4,6.49596,3.3218912118663217,263350.62,14.335882,-17891.701171875,-17883.748,79531.69,215
-34938.27734375,-34930.58,76980.06,515405.84,0.81474507,-10.432421194056293,179664.14,1.2064942,-12219.958984375,-12211.995,79633.96,218
-11477.1123046875,-11469.404,77084.836,168686.69,1.5420909,0.6721001662049642,149767.66,2.6708574,-10197.935546875,-10189.962,79734.07,221
-10691.9140625,-10684.194,77195.71,156647.33,45.085976,-29.28719186464436,86841.96,2.8206084,-5940.01171875,-5932.03,79817.234,224
-6977.638671875,-6969.9087,77301.19,99671.375,253.66846,-1.9217633151448261,301974.22,84.2417,-20552.609375,-20544.617,79928.7,227
-14855.73046875,-14847.988,77417.695,218259.84,37.13639,-51.009134987990535,135950.5,878.2778,-9855.4921875,-9847.489,80026.195,230
-4945.64794921875,-4937.893,77550.63,72096.2,8.249677,-24.141080985909735,153114.6,315.681,-10636.2646484375,-10628.247,80172.29,233
-6011.95751953125,-6004.1875,77700.0,87846.11,9.041131,-52.39857207954646,113246.88,428.98123,-8015.1953125,-8007.1606,80345.89,236
-7071.8994140625,-7064.116,77832.48,103468.55,13.172878,-48.79209818351435,120188.36,1369.4601,-9121.326171875,-9113.274,80519.37,239
-3878.88037109375,-3871.0789,78015.1,56390.47,2.2735968,-21.12749406950906,50751.99,128.06161,-3582.719970703125,-3574.6538,80661.11,242
-3268.035888671875,-3260.2195,78164.07,47371.39,1.4464265,-29.69977328675592,72772.28,125.48865,-5071.05126953125,-5062.974,80773.29,245
-3818.424072265625,-3810.5923,78317.875,55494.508,2.4822261,-47.4845054508335,242095.64,165.47784,-16640.59375,-16632.504,80892.47,248
-3801.311767578125,-3793.4656,78460.98,55258.88,0.7350943,-12.06282489715217,79049.0,50.689392,-5445.1943359375,-5437.0903,81042.016,251
-6106.26806640625,-6098.4087,78593.19,89319.59,0.93422955,-11.729975275321246,52933.742,35.887177,-3668.0419921875,-3659.9158,81262.58,254
-2545.945068359375,-2538.0728,78724.17,36701.11,1.2780356,-58.39816522695077,50933.75,16.31974,-3519.487060546875,-3511.3406,81464.75,257
-1648.7034912109375,-1640.8173,78862.23,23445.2,0.8948084,-27.68622232333932,38442.125,8.793791,-2669.12939453125,-2660.9688,81606.484,260
-1670.4434814453125,-1662.5428,79006.625,23658.842,11.637337,-17.08853870763301,31778.715,2.374271,-2213.90478515625,-2205.7275,81773.55,263
-1736.99365234375,-1729.0775,79160.92,24701.312,5.715654,-46.3873318801208,33776.055,0.973729,-2348.132568359375,-2339.9353,81971.78,266
-1332.2850341796875,-1324.3539,79310.97,18760.02,1.739583,-28.59993216210005,32971.64,2.4099083,-2294.69140625,-2286.4739,82175.16,269
-1073.5662841796875,-1065.6224,79438.49,14943.775,1.0080124,-18.14077497912856,14271.898,0.9489386,-1028.357421875,-1020.11804,82394.375,272
-1936.2510986328125,-1928.2949,79561.17,27671.086,3.1441722,-11.549738659326966,17905.432,0.82232237,-1274.1689453125,-1265.9052,82638.44,275
-732.920166015625,-724.9502,79699.43,9907.767,1.1596605,-40.196780341702066,11383.884,0.9703593,-832.98974609375,-824.7075,82822.56,278
-294.97064208984375,-286.99005,79805.82,3435.69,1.1448958,-37.50312746036803,7020.4346,1.0321801,-537.7885131835938,-529.485,83035.49,281
-330.0133361816406,-322.02383,79895.08,3955.5552,0.931721,-23.077814627975513,12687.428,2.1183867,-922.0181274414062,-913.6921,83260.47,284
-1111.0450439453125,-1103.0457,79994.47,15498.572,0.8327893,15.168017127958743,3511.81,1.506944,-300.7351379394531,-292.3859,83492.54,287
-350.3832702636719,-342.3741,80091.56,4257.609,0.8002404,-52.627523231193116,3294.4705,1.8120646,-286.25592041015625,-277.8855,83704.08,290
-627.8146362304688,-619.7962,80184.1,8356.738,0.86478424,-18.266743349732717,3535.729,2.9946914,-303.3985900878906,-295.01117,83874.25,293
-507.78472900390625,-499.7583,80264.18,6584.277,0.71754265,-32.55857053410492,3378.4233,1.4173231,-291.6903991699219,-283.29926,83911.42,296
-328.6966552734375,-320.66254,80341.125,3936.2075,0.85471326,-44.576498416235395,502.68735,0.7736126,-96.65077209472656,-88.26943,83813.44,299
-268.6099548339844,-260.56854,80414.11,3049.0645,0.7614464,2.289736357506428,894.0612,1.6640406,-123.71849060058594,-115.355316,83631.78,302
-141.63818359375,-133.59787,80403.14,1171.5269,0.87653714,-20.55715414128686,940.12524,0.9334259,-126.31199645996094,-117.97797,83340.33,305
-182.03927612304688,-174.00261,80366.59,1766.2598,1.1138227,-15.275107862606752,849.14374,0.78389347,-120.01172637939453,-111.720276,82914.52,308
-255.1997833251953,-247.16953,80302.516,2850.9038,0.7763064,-9.948311673624039,1677.8928,1.3141334,-176.4019775390625,-168.15857,82434.1,311
-175.5773162841797,-167.56146,80158.49,1672.6575,0.9552639,2.494738135343389,351.60333,0.791554,-86.24661254882812,-78.058075,81885.4,314
-145.7676544189453,-137.77203,79956.16,1234.7253,0.72529167,-24.043522284964258,740.22473,0.8017655,-112.47970581054688,-104.362076,81176.33,317
-102.18523406982422,-94.21607,79691.61,588.184,1.0119601,-43.31808732331864,1269.4327,0.9010034,-148.27392578125,-140.23949,80344.35,320
-85.90579986572266,-77.97322,79325.79,343.4237,1.4841181,-15.737853146343237,257.70996,2.3093562,-80.6808853149414,-72.73158,79493.0,323
-122.62783813476562,-114.7388,78890.414,894.23157,0.73591304,-17.908422317340268,860.5596,2.09345,-121.23470306396484,-113.37891,78557.99,326
-124.2997817993164,-116.45562,78441.64,919.3437,0.76184744,-56.90866260394884,308.2385,1.4462248,-83.32888793945312,-75.56668,77622.05,329
-87.97819519042969,-80.18644,77917.58,382.21558,0.8756516,-12.179498233549067,160.4847,1.1810164,-73.04570770263672,-65.38907,76566.37,332
-82.5925064086914,-74.851494,77410.09,304.38794,0.7743757,-30.893028934951673,208.15852,1.3908002,-76.29177856445312,-68.757,75347.78,335
-80.63738250732422,-72.95647,76809.19,273.58176,1.0545008,-20.032550164738133,134.90872,1.279407,-71.13020324707031,-63.724976,74052.28,338
-85.4797592163086,-77.87172,76080.375,349.3954,0.73695123,-48.73030080095437,65.6104,1.0497496,-66.15562438964844,-58.88032,72753.05,341
-76.94830322265625,-69.41212,75361.84,194.9455,3.6802387,-0.9016553809517394,132.21132,1.2502551,-70.65994262695312,-63.522724,71372.2,344
-68.05131530761719,-60.600315,74510.0,92.85478,0.8671392,-1.9934979780893407,784.70667,0.9863266,-114.51824951171875,-107.49695,70213.016,347
-76.67515563964844,-69.31809,73570.63,223.33932,0.70191425,-27.138844209275742,3756.7825,1.6468395,-315.9790954589844,-309.0573,69217.984,350
-77.79266357421875,-70.542915,72497.516,230.58966,1.78693,-20.344013460110855,503.04068,0.8844749,-95.1952896118164,-88.36836,68269.25,353
-76.46092224121094,-69.34589,71150.34,223.29434,0.74748605,-5.558756294384097,91.62731,1.1670611,-67.43990325927734,-60.720203,67196.984,356
-73.2951889038086,-66.335,69601.914,177.80457,0.84693575,4.132175812980622,104.4245,1.174262,-68.18338775634766,-61.591034,65923.52,359
-63.7194938659668,-56.919243,68002.5,35.66096,1.1465898,-33.885907762026434,77.14947,0.7805551,-65.93521118164062,-59.478985,64562.28,362
-63.55442810058594,-56.931778,66226.516,40.246643,0.7065478,-12.182885246360788,135.06808,1.2270992,-70.02371215820312,-63.700367,63233.453,365
-64.79132080078125,-58.344826,64464.938,58.477448,0.97168404,4.1541105391365685,198.91805,1.209592,-74.21734619140625,-68.009094,62082.54,368
-63.71113967895508,-57.448742,62623.977,48.34703,0.66048324,-49.4904289932366,142.55788,1.9903593,-70.81314086914062,-64.72366,60894.742,371
-62.465694427490234,-56.403187,60625.094,32.108627,0.73919165,-22.590297686643137,77.21415,32.26186,-86.7655258178711,-80.78601,59795.17,374
-62.96076965332031,-57.107697,58530.727,41.49251,0.8419302,-43.97528989789559,245.7062,10.111757,-83.07772827148438,-77.19902,58787.086,377
-61.98916244506836,-56.365845,56233.188,18.185696,2.0762973,-27.062074761369303,98.82213,1.5071572,-67.21515655517578,-61.4372,57779.57,380
-63.698211669921875,-58.319317,53788.97,59.685036,0.81322896,-50.22982430978706,71.54725,1.9623605,-65.5619125366211,-59.899597,56623.14,383
-60.86039733886719,-55.683685,51767.14,20.704954,0.81627035,-43.13667025001658,90.80386,0.9677067,-66.06604766845703,-60.529587,55364.6,386
-62.28076171875,-57.26918,50115.83,43.616604,0.8681686,-3.517567704794644,61.667526,0.8894131,-63.91810989379883,-58.505016,54130.945,389
-60.901573181152344,-56.04177,48598.008,27.244509,0.69149655,-26.342181415110055,30.930265,1.3142467,-61.98653793334961,-56.712578,52739.6,392
-60.98163604736328,-56.25764,47239.96,28.757156,0.8592465,-31.388419819722905,37.34113,1.1208718,-62.129798889160156,-57.015533,51142.656,395
-60.99236297607422,-56.398945,45934.18,33.01145,0.6426417,-3.1806369516781565,30.03172,1.2041811,-61.52117919921875,-56.577293,49438.86,398
-59.84736251831055,-55.37361,44737.527,17.294674,0.6990696,-15.842382489959737,28.714138,1.046148,-61.196407318115234,-56.381203,48152.04,401
-110.8071060180664,-106.48123,43258.77,181.07114,59.84883,5.803150066204462,240.59917,1.0000011,-75.40599822998047,-70.68773,47182.727,404
-68.69312286376953,-64.41876,42743.6,98.18004,5.9775496,-22.086937518835253,131.4923,22.086914,-82.23086547851562,-77.573746,46571.203,407
-61.40568542480469,-57.15554,42501.438,36.3781,1.4240878,-28.088039523110766,66.989075,3.3283193,-65.14691162109375,-60.51547,46314.445,410
-62.60312271118164,-58.377518,42256.04,59.15683,0.95206106,-16.57480079745102,46.43049,1.1347094,-62.25919723510742,-57.639954,46192.42,413
-60.07296371459961,-55.876297,41966.66,22.5472,0.9166914,-20.77940985632235,39.69252,1.0578046,-61.73128890991211,-57.131966,45993.227,416
-60.4865837097168,-56.323574,41630.113,30.01458,0.8309476,-29.050429681876036,30.720715,1.4456176,-61.36441421508789,-56.787292,45771.22,419
-61.4322395324707,-57.304176,41280.617,43.262848,0.95525706,-30.88310071256523,33.83263,0.82152784,-61.12101364135742,-56.57556,45454.508,422
-59.819576263427734,-55.731194,40883.812,22.751038,0.68186504,-11.025116255696913,32.344738,0.8526868,-61.011322021484375,-56.495964,45153.58,425
-59.989471435546875,-55.95448,40349.918,24.666227,0.8203268,-5.8034967012305785,22.580486,2.741621,-61.60503387451172,-57.11344,44915.914,428
-59.457725524902344,-55.480324,39774.016,18.580362,0.7281979,-10.444950504788224,21.818012,0.96172094,-60.31116485595703,-55.85743,44537.375,431
-59.28327941894531,-55.374363,39089.15,15.797436,0.8499055,-43.15592760297858,20.373709,1.088837,-60.255470275878906,-55.84571,44097.586,434
-60.7733268737793,-56.951035,38222.92,39.338478,0.8166461,-1.217425177271753,22.56007,1.5231841,-60.642276763916016,-56.28757,43547.043,437
-59.209434509277344,-55.4822,37272.355,17.442387,0.8447709,-15.415210807815543,23.98106,0.95575607,-60.287559509277344,-55.99976,42878.0,440
-58.75012969970703,-55.136017,36141.15,11.84222,0.893191,-18.732420967617582,33.53511,0.9249288,-60.851341247558594,-56.625397,42259.453,443
-58.76935958862305,-55.2819,34874.617,15.26468,0.76653725,-25.971401844704083,19.976875,1.5492628,-60.271183013916016,-56.13042,41407.61,446
-58.55648422241211,-55.202705,33537.8,12.162174,0.9597595,-8.364398001726439,20.300858,1.4827346,-60.14370346069336,-56.107323,40363.816,449
-58.190059661865234,-54.972553,32175.078,11.744758,0.6613736,-11.588526661732324,26.083454,1.867363,-60.68332290649414,-56.75889,39244.332,452
-79.63664245605469,-76.534225,31024.16,329.90192,0.7097411,-9.326655857260514,13.51316,0.6225764,-58.91176223754883,-55.06597,38457.918,455
-59.215755462646484,-56.14807,30676.828,28.594938,0.7135501,-7.109572168788905,17.90859,0.83113694,-59.26938247680664,-55.504524,37648.594,458
-68.0186538696289,-64.9726,30460.484,159.09912,0.70412266,-24.135792379069198,21.180555,0.8569519,-59.40668869018555,-55.7434,36632.875,461
-61.01958084106445,-57.998215,30213.66,54.894257,0.8177767,-16.597223745181267,13.961861,1.0534413,-58.95305633544922,-55.387886,35651.688,464
-58.74560546875,-55.745197,30004.086,21.53408,0.82425946,-39.472840822926145,412.81064,1.2060535,-85.98341369628906,-82.48031,35031.086,467
-59.20399856567383,-56.22806,29759.383,27.824427,0.9088095,-34.78410315576409,176.00671,1.7341671,-70.25550079345703,-66.81371,34417.914,470
-58.98405075073242,-56.030296,29537.562,24.458712,0.9531214,-17.681648728452387,46.22519,2.2648733,-61.80851745605469,-58.390816,34177.03,473
-58.77180099487305,-55.842293,29295.086,23.874884,0.7336636,-20.563939138278528,30.97814,1.2173014,-60.039154052734375,-56.650215,33889.375,476
-58.636539459228516,-55.73571,29008.29,21.828005,0.7808475,-25.968120670313038,50.04146,1.0406442,-61.1971435546875,-57.82065,33764.96,479
-58.091453552246094,-55.226154,28653.008,15.575918,0.65303266,-5.740903018819523,63.061962,1.1442792,-62.13178634643555,-58.77184,33599.47,482
-58.52642822265625,-55.693054,28333.727,21.2075,0.7798599,-2.021464579172488,54.90429,0.86913395,-61.37272644042969,-58.03365,33390.754,485
-59.15865707397461,-56.349503,28091.555,26.65644,1.2050743,-16.982640019418973,18.476683,0.67203534,-58.742645263671875,-55.435303,33073.43,488
-58.73423767089844,-55.94841,27858.262,24.117838,0.8661997,-12.980502943689725,21.297972,1.1774554,-59.23360061645508,-55.96822,32653.82,491
-57.780189514160156,-55.02134,27588.512,11.352329,0.77270776,-8.466297947903547,26.054798,1.3291142,-59.625511169433594,-56.39273,32327.805,494
-57.971858978271484,-55.244656,27272.047,14.588371,0.7791257,2.509962158571026,19.27552,0.6603166,-58.678775787353516,-55.48143,31973.445,497
-57.957576751708984,-55.269806,26877.719,16.353596,0.63977516,-13.931927323885352,381.91196,0.6113148,-83.17145538330078,-79.98703,31844.254,500
-60.299766540527344,-57.666355,26334.098,27.923018,0.54752886,-31.12347789734993,88.92613,0.879972,-63.537200927734375,-60.343155,31940.469,503
-57.554290771484375,-54.98643,25678.598,12.641292,0.59222466,-28.285384274801235,42.11721,1.374441,-60.6904411315918,-57.510303,31801.39,506
-57.38019561767578,-54.871105,25090.918,11.293717,0.556553,-22.34481174217675,40.783222,0.44618616,-59.958824157714844,-56.79191,31669.164,509
-57.23418045043945,-54.785797,24483.844,10.773502,0.482513,-13.604406271794828,28.760588,0.9236611,-59.44692611694336,-56.30146,31454.672,512
-57.82969665527344,-55.431496,23982.027,21.152746,0.39880294,-25.609654214333915,22.058346,0.87030697,-58.931190490722656,-55.811832,31193.602,515
-61.987998962402344,-59.624588,23634.102,80.5213,0.6585456,-28.91042530695464,30.045788,0.5590674,-59.22611618041992,-56.141716,30844.0,518
-57.119407653808594,-54.79282,23265.867,11.745493,0.3956908,-36.59470350581878,16.613369,0.5744922,-58.29132080078125,-55.24321,30481.098,521
-57.37843704223633,-55.10279,22756.445,12.181024,0.81020415,-14.729612594105426,17.06189,0.39497823,-58.148681640625,-55.15209,29965.922,524
-57.84259796142578,-55.628677,22139.21,13.809198,1.4245565,-8.041183339490344,60.52319,0.37272426,-61.045528411865234,-58.126244,29192.844,527
-57.36716842651367,-55.185207,21819.613,14.564594,0.6936482,-19.08999268122267,18.485611,0.29028127,-58.00239944458008,-55.17758,28248.18,530
-57.11339569091797,-54.95722,21561.758,13.948248,0.41835845,-11.076557818631747,51.967308,0.7664913,-60.539180755615234,-57.76545,27737.305,533
-56.75828552246094,-54.632156,21261.297,10.339703,0.2988392,-14.078017273440413,18.551155,0.45287699,-58.01245880126953,-55.29205,27204.11,536
-57.669647216796875,-55.572678,20969.684,18.602924,0.86242986,-27.98021913919023,16.544699,0.6613153,-57.95303726196289,-55.297318,26557.203,539
-56.72721862792969,-54.663773,20634.441,9.946107,0.3849206,-26.743360897666655,17.634777,0.7836789,-58.04015350341797,-55.453884,25862.68,542
-57.92292022705078,-55.89671,20262.117,25.019888,0.6995835,-17.3167511109863,14.880613,0.47243416,-57.60195541381836,-55.056904,25450.516,545
-57.784263610839844,-55.774773,20094.926,24.76238,0.5451412,-22.353307120173564,107.943535,3.9862268,-66.24956512451172,-63.731953,25176.117,548
-56.95168685913086,-54.960518,19911.688,15.606004,0.25746116,-8.317591916378227,77.913025,3.359415,-63.801177978515625,-61.27571,25254.68,551
-56.88329315185547,-54.90982,19734.727,11.144163,0.6287256,-13.93713486826461,40.646545,0.761423,-59.519771575927734,-56.99597,25238.0,554
-56.7537727355957,-54.80284,19509.328,13.046287,0.28041166,-22.533968555790853,21.42007,0.41128182,-57.980255126953125,-55.45803,25222.242,557
-56.51569366455078,-54.58922,19264.742,10.468229,0.22252896,-21.843654066808732,16.831985,0.67939705,-57.846412658691406,-55.328995,25174.168,560
-56.6514778137207,-54.756058,18954.21,10.884144,0.427494,-16.57301664376181,21.659191,0.570259,-58.09056854248047,-55.581787,25087.812,563
-56.89076614379883,-55.01393,18768.367,17.145702,0.2378651,-56.49329111804931,15.155975,0.43173122,-57.53851318359375,-55.047993,24905.219,566
-57.147987365722656,-55.28546,18625.258,20.43576,0.25468406,-28.48858548999371,257.50046,1.060867,-74.35579681396484,-71.87259,24832.078,569
-56.95258712768555,-55.097958,18546.277,16.131298,0.41500556,1.416712429921913,23.736166,0.48747993,-58.13941955566406,-55.666317,24731.031,572
-59.26169967651367,-57.41104,18506.602,13.70438,4.0690284,-8.162718822828785,18.553007,0.4356843,-57.74094009399414,-55.280537,24604.031,575
-56.61458206176758,-54.76822,18463.629,11.40719,0.3931601,-24.778540299805513,12.858751,0.42297515,-57.32785415649414,-54.88662,24412.348,578
-59.783233642578125,-57.94342,18398.117,54.597176,0.76845396,-8.65601086141966,52.28784,3.9409747,-62.36510467529297,-59.93524,24298.621,581
-57.50091552734375,-55.66883,18320.863,25.164486,0.34839973,-10.48365299950377,56.41928,4.0026016,-62.67610168457031,-60.256508,24195.941,584
-57.31423568725586,-55.48545,18287.867,16.74619,0.9247031,-47.74567677581977,47.437542,2.3722684,-60.95772933959961,-58.545525,24122.062,587
-57.280879974365234,-55.455696,18251.836,21.268282,0.42301366,-11.360645074235473,29.581198,3.5812478,-60.564552307128906,-58.15532,24092.34,590
-56.79075622558594,-54.971046,18197.094,15.2100725,0.31261063,-12.22027649885548,18.657658,0.6777047,-57.848087310791016,-55.451385,23967.031,593
-56.68585968017578,-54.875957,18099.031,14.018067,0.29128838,-31.809334242803633,27.5709,1.3959334,-58.91379928588867,-56.540535,23732.66,596
-56.81553268432617,-55.017975,17975.562,11.773334,0.7256323,5.826793240145635,16.792936,0.75211,-57.719966888427734,-55.375553,23444.133,599
-57.512821197509766,-55.168453,23443.691,12.563017,0.86905015,-14.782570535093916,23.477259,0.64813036,-58.05699920654297,-55.757504,22994.977,602
-60.54682922363281,-58.47765,20691.79,66.172585,0.3984574,-20.515430869446504,17.848412,0.5014801,-57.52981948852539,-55.277378,22524.406,605
-58.64374542236328,-56.593895,20498.523,28.701576,1.3617231,-22.722152285042363,14.014893,0.3924915,-57.138973236083984,-54.94422,21947.516,608
-57.82115173339844,-55.78836,20327.898,25.835,0.457958,-8.717822528652542,15.019381,0.61262083,-57.28862380981445,-55.16115,21274.71,611
-57.185646057128906,-55.175434,20102.102,16.025284,0.5331381,-8.51593355701557,25.69969,0.43847337,-57.87160110473633,-55.766018,21055.84,614
-56.98345184326172,-54.999153,19843.0,14.880135,0.38714182,-4.668690337433622,20.98259,0.65617144,-57.709075927734375,-55.59414,21149.383,617
-57.70460510253906,-55.754585,19500.21,26.578243,0.3337187,-24.230431782076856,25.430447,0.3361748,-57.786067962646484,-55.678577,21074.91,620
-56.93366622924805,-55.015316,19183.512,14.434942,0.45555243,-38.235437422255465,23.380796,0.51344204,-57.7587776184082,-55.659836,20989.422,623
-57.42033767700195,-55.52807,18922.695,16.023825,1.0544059,-33.5329793065582,18.13229,0.3936215,-57.321590423583984,-55.2236,20979.914,626
-57.034332275390625,-55.170265,18640.68,13.308336,0.7971981,-15.090039475975384,18.771769,0.3245669,-57.29826736450195,-55.220146,20781.215,629
-56.967002868652344,-55.139854,18271.5,12.848068,0.7982782,-12.220061365777777,12.837665,0.34357038,-56.89043426513672,-54.83146,20589.742,632
-58.047386169433594,-56.25322,17941.676,14.138252,2.3146038,-15.647958220362767,15.7995,0.49151903,-57.1682014465332,-55.131992,20362.078,635
-56.517887115478516,-54.754658,17632.285,12.465672,0.26727396,-27.312263225552087,15.174641,0.4809849,-57.08174514770508,-55.08258,19991.652,638
-56.704505920410156,-54.980713,17237.914,14.331841,0.41471654,-8.96814488081866,14.35111,0.8051801,-57.20293426513672,-55.24623,19567.043,641
-56.65205001831055,-54.963264,16887.852,13.849295,0.437194,-8.945684632316704,12.793005,0.40209422,-56.768550872802734,-54.86804,19005.113,644
-56.57373809814453,-54.929104,16446.344,12.679256,0.5037118,-20.919526296887508,14.369764,0.39104775,-56.8205680847168,-54.96726,18533.102,647
-57.44047164916992,-55.8366,16038.699,23.148708,0.79788095,-11.114347338116687,16.855328,0.3896209,-56.9483528137207,-55.134483,18138.71,650
-56.40297317504883,-54.839256,15637.1875,13.321353,0.30672073,-9.938118640573176,23.470478,0.33590263,-57.302711486816406,-55.54577,17569.441,653
-58.54251480102539,-57.030865,15116.508,41.838726,0.69376564,-8.779281418523484,77.003555,0.82795334,-47315.1328125,-47313.406,17260.293,656
-56.56597900390625,-55.07836,14876.1875,17.244125,0.2677997,-14.82483080739756,18.312225,0.698781,-57.149436950683594,-55.44227,17071.691,659
-56.404136657714844,-54.934807,14693.3125,13.993674,0.38069338,-20.09705241075947,13.738319,0.4355789,-56.63414001464844,-54.954666,16794.746,662
-56.72868347167969,-55.274536,14541.488,17.227001,0.55942106,-11.642212463292678,83.14998,1.7224537,-62.23573684692383,-60.522385,17133.508,665
-56.331050872802734,-54.89213,14389.195,14.634768,0.2535227,-28.306954783341023,34.513996,0.48657313,-58.107398986816406,-56.39501,17123.883,668
-56.21223068237305,-54.79489,14173.398,12.476755,0.32562047,-14.19648341824995,22.977592,4.275461,-59.88526916503906,-58.17822,17070.484,671
-56.385982513427734,-54.99975,13862.355,12.534717,0.62256366,-12.939605822553114,27.663849,2.190579,-58.78922653198242,-57.08454,17046.867,674
-56.635780334472656,-55.28398,13517.996,14.471531,0.84892267,-12.036539699378398,18.495161,0.85114294,-57.2554931640625,-55.557755,16977.402,677
-55.949832916259766,-54.64016,13096.727,11.67419,0.17721775,-11.931799159024264,15.34482,0.34163016,-56.696075439453125,-54.9998,16962.727,680
-56.18193817138672,-54.910362,12715.766,14.502886,0.2936555,-28.489435840628985,18.659264,2.054954,-58.07096481323242,-56.383446,16875.191,683
-56.11738967895508,-54.879898,12374.902,12.224293,0.47649527,-16.54299277661158,18.423058,0.3616801,-56.91197967529297,-55.221664,16903.148,686
-56.23860168457031,-55.017643,12209.602,15.3385105,0.36862892,-29.17602760307493,13.671705,0.4259926,-56.615848541259766,-54.943672,16721.754,689
-56.501060485839844,-55.28936,12116.99,17.718754,0.5321547,-23.26797244478735,13.960106,0.4670862,-56.63479232788086,-54.990993,16437.988,692
-56.07853698730469,-54.875397,12031.408,12.9995,0.3923158,-22.28770829855582,16.373642,0.82733154,-57.044105529785156,-55.39808,16460.281,695
-57.38071823120117,-56.182724,11979.93,23.95989,1.2282695,-18.221749634809292,20.87363,1.0157659,-57.49445343017578,-55.830093,16643.594,698
-55.899925231933594,-54.7074,11925.256,12.153353,0.22867027,-38.10441179508424,245.03174,0.89857185,-72.57697296142578,-70.91904,16579.348,701
-55.988006591796875,-54.803974,11840.316,14.375659,0.1491537,-21.445855534074912,223.24626,1.0593339,-71.2421646118164,-69.55365,16885.164,704
-56.12797164916992,-54.953606,11743.664,14.327599,0.605697,-29.775177964361905,201.45125,0.81580174,-69.60614013671875,-67.91404,16920.977,707
-56.00703811645508,-54.84539,11616.479,14.824492,0.1654702,-13.97285642682341,39.45237,0.936171,-58.72731018066406,-57.033413,16938.984,710
-55.56120681762695,-54.410553,11506.537,12.49135,0.22411689,-33.00957306413183,34.211597,0.9600738,-58.387821197509766,-56.694954,16928.68,713
-56.40459060668945,-55.25879,11458.012,15.097069,0.74914306,-13.415746740584,23.380999,0.74642485,-57.50613784790039,-55.817505,16886.336,716
-56.10253143310547,-54.956665,11458.648,16.060936,0.20627414,-29.177862394539197,24.048458,0.54930556,-57.4078254699707,-55.729286,16785.379,719
-56.231658935546875,-55.089058,11426.027,17.652872,0.24272953,-32.186122683771,15.365753,0.6014433,-56.83876037597656,-55.177025,16617.344,722
-55.95325469970703,-54.813454,11398.004,14.414482,0.15927702,-9.895257046965302,27.374702,0.5800487,-57.62630081176758,-55.975163,16511.395,725
-55.927391052246094,-54.79094,11364.512,14.184709,0.14898366,-26.977091406203034,16.80473,0.5785054,-56.88835144042969,-55.258873,16294.793,728
-57.473506927490234,-56.339794,11337.137,20.546036,1.8017685,0.29847272194238617,13.535444,0.5099293,-56.585750579833984,-54.99125,15945.031,731
-55.935115814208984,-54.807163,11279.537,13.372961,0.25413126,-15.175202872312827,13.2618685,0.546728,-56.53925323486328,-54.997635,15416.176,734
-55.73902130126953,-54.61722,11217.996,11.41531,0.16920519,-24.93649677901916,74.24874,5.4754767,-64.00936126708984,-62.459644,15497.164,737
-56.49524688720703,-55.38096,11142.883,22.265093,0.21664603,1.2646736731398467,95.61175,5.384556,-65.40272521972656,-63.843704,15590.211,740
-55.892696380615234,-54.78955,11031.447,13.447257,0.22068144,-18.838905151267078,91.021866,2.3728333,-63.06248092651367,-61.49515,15673.281,743
-55.874610900878906,-54.779495,10951.148,13.378574,0.21268636,-15.263866625246848,29.169355,0.58649933,-57.67259216308594,-56.100975,15716.172,746
-56.592735290527344,-55.51294,10797.941,24.121088,0.22233136,-20.916454015580186,42.994522,1.108014,-58.97456741333008,-57.389385,15851.828,749
-56.96638870239258,-55.885567,10808.225,19.012667,1.3169967,-8.962468024027029,33.139877,1.3242564,-58.45602035522461,-56.868874,15871.457,752
-56.36324691772461,-55.27877,10844.777,20.709476,0.21743679,-25.0220220461584,26.142056,4.213706,-59.9398078918457,-58.350563,15892.449,755
-56.14787292480469,-55.06447,10834.031,13.018636,0.6698204,-21.203619875696056,25.006243,1.1855369,-57.81037521362305,-56.224617,15857.582,758
-55.74414825439453,-54.66718,10769.6875,11.652867,0.21927767,-35.485570484123514,26.14418,0.61794806,-57.50277328491211,-55.91755,15852.242,761
-56.01185989379883,-54.94088,10709.807,16.939617,0.09507681,-23.65834487864067,16.166616,1.3954122,-57.349063873291016,-55.76848,15805.844,764
-55.810943603515625,-54.747643,10633.008,13.488415,0.15463302,-15.036124688282769,25.58833,0.6730707,-57.48802947998047,-55.917233,15707.953,767
-55.830299377441406,-54.77668,10536.176,12.673594,0.27902412,1.291087904322919,15.541416,0.47823206,-56.659305572509766,-55.105537,15537.672,770
-55.673744201660156,-54.629047,10446.98,12.1157255,0.15003285,-4.514415967014656,20.734568,1.5368195,-57.70196533203125,-56.17327,15286.945,773
-55.887237548828125,-54.85159,10356.473,15.253382,0.13174462,-7.096668363836043,42.89834,0.35914636,-58.41044235229492,-56.876137,15343.0625,776
-55.68353271484375,-54.655968,10275.654,11.75799,0.1921991,-11.401470596168748,16.33614,0.46496865,-56.6702995300293,-55.150337,15199.641,779
-55.79269027709961,-54.77339,10192.98,12.534979,0.34555927,-20.212863346843644,21.2923,0.57645637,-57.06062316894531,-55.561157,14994.676,782
-56.30255126953125,-55.285805,10167.461,15.334284,0.7669853,-13.20507164861728,68.18883,0.43966335,-60.13107681274414,-58.641964,14891.121,785
-55.73818588256836,-54.729225,10089.605,14.414873,0.37007213,-28.484703421431135,45.503178,1.5217471,-59.33544158935547,-57.839104,14963.367,788
-54.81521987915039,-53.813244,10019.777,13.331255,0.23148778,-19.85511066253796,29.80307,0.5239818,-57.586456298828125,-56.101547,14849.102,791
-55.218788146972656,-54.220078,9987.125,18.73587,0.25521123,-21.079897392894654,22.81054,2.0651155,-58.14207077026367,-56.671227,14708.445,794
-53.26898956298828,-52.272545,9964.443,18.322273,0.2344346,-20.461073913779174,22.671953,0.66011345,-57.165550231933594,-55.71112,14544.3125,797
-47.192344665527344,-46.181488,10108.582,15.850855,0.34940732,-61.49462543927697,61.941174,0.67091495,-59.819915771484375,-58.375687,14442.273,800
-59.99513626098633,-58.720856,12742.801,70.99168,0.27596462,-48.20484426976497,15.760444,1.0764955,-56.96783447265625,-55.525192,14426.406,803
-60.047691345214844,-58.785446,12622.449,66.48333,0.8222475,-27.848857081361352,13.881439,0.690559,-56.566287994384766,-55.13689,14293.977,806
-58.77642059326172,-57.508163,12682.582,51.98054,0.38494253,-26.9161637310021,18.918156,0.43380642,-56.71695327758789,-55.303974,14129.809,809
-57.32927703857422,-56.060894,12683.828,23.272358,1.1169729,-35.519392889191174,15.073926,0.58022994,-56.53544235229492,-55.142925,13925.156,812
-57.32258224487305,-56.052883,12697.0,26.173557,0.8150149,-45.67874406759122,14.03807,0.51990163,-56.39485168457031,-55.032005,13628.477,815
-56.19009017944336,-54.921566,12685.246,13.851256,0.37537086,-9.466688906745672,16.400396,0.98923445,-56.83502960205078,-55.509445,13255.844,818
-56.165428161621094,-54.89981,12656.164,12.873683,0.4409802,3.5805815204781846,44.741665,1.8701261,-59.31454849243164,-58.023315,12912.3125,821
-56.76250076293945,-55.502144,12603.57,20.028753,0.6156046,-22.781071207478078,13.895142,0.5592144,-56.30900573730469,-55.048943,12600.625,824
-56.83026885986328,-55.58064,12496.281,23.301476,0.40433633,-25.50658170741622,21.22324,0.66151446,-56.85969161987305,-55.614037,12456.555,827
-57.399559020996094,-56.162487,12370.703,32.730705,0.3212782,-14.445007350098939,61.59452,0.28438732,-59.33357238769531,-58.090675,12428.98,830
-56.69267272949219,-55.46283,12298.4375,21.835001,0.3768813,-7.2516799879172025,27.772968,3.5069826,-59.23271560668945,-57.982704,12500.133,833
-56.53231430053711,-55.3105,12218.148,21.472569,0.18801045,-14.087423443548257,17.988876,0.43226624,-56.48671340942383,-55.24005,12466.609,836
-56.091941833496094,-54.875584,12163.598,12.831668,0.4093769,-8.091173129772132,40.22901,0.90413344,-58.30300521850586,-57.064293,12387.133,839
-56.47712707519531,-55.266903,12102.232,19.038767,0.36696282,-10.094250919179869,13.553647,0.8454588,-56.44890594482422,-55.21953,12293.777,842
-56.06669616699219,-54.863136,12035.609,14.439634,0.23018563,-53.387137291672765,14.122627,1.5953001,-56.984169006347656,-55.765427,12187.42,845
-56.31391143798828,-55.12098,11929.303,15.734211,0.48177433,-49.30442451595974,13.52652,0.5846268,-56.23696517944336,-55.04119,11957.734,848
-56.17709732055664,-54.996162,11809.342,14.768854,0.3938511,-56.475403668518744,12.81396,0.55790657,-56.14215850830078,-54.97489,11672.652,851
-56.595970153808594,-55.429543,11664.275,22.887827,0.22241399,-26.02700263250413,16.368261,0.64494103,-56.41185760498047,-55.274296,11375.605,854
-62.47270965576172,-61.313156,11595.531,26.689188,8.537146,-20.587493352863476,69.42599,0.5480165,-59.92447280883789,-58.799004,11254.691,857
-56.03731155395508,-54.88525,11520.617,13.641249,0.34270144,-40.108075331591124,21.545767,9.448043,-62.707611083984375,-61.581505,11261.064,860
-55.91411209106445,-54.772877,11412.352,13.150496,0.22571424,-32.46529938934557,14.137824,0.30352715,-56.02201461791992,-54.892345,11296.707,863
-56.40394592285156,-55.277096,11268.516,11.028021,1.1831021,-30.18843639743066,85.89674,1.84923,-61.92374801635742,-60.79404,11297.078,866
-57.16796875,-56.051464,11165.045,29.118336,0.5184398,-43.32558223740637,23.913843,0.77223265,-56.9986686706543,-55.871025,11276.426,869
-55.9996223449707,-54.889717,11099.059,14.654926,0.24794717,-21.834190782450424,15.934928,0.35773882,-56.16645812988281,-55.05063,11158.3125,872
-58.87004470825195,-57.769043,11010.016,47.803276,1.1882043,-37.234399385876706,13.08194,0.43923908,-56.02632141113281,-54.912724,11135.982,875
-56.400238037109375,-55.303406,10968.336,15.23506,0.80127746,-12.348161865072441,13.266138,0.36599684,-55.98027420043945,-54.87563,11046.443,878
-56.38349914550781,-55.28929,10942.078,21.468632,0.15706319,-3.9289854410261467,19.807522,0.24029231,-56.3293342590332,-55.233208,10961.258,881
-56.30815887451172,-55.217823,10903.348,17.8584,0.41246915,-16.98227263172547,18.047852,0.87758905,-56.644554138183594,-55.54538,10991.762,884
-56.32486343383789,-55.23998,10848.832,16.323551,0.59869635,-26.501010028315477,25.005634,0.36776862,-56.771121978759766,-55.671215,10999.074,887
-55.745601654052734,-54.667736,10778.645,12.065918,0.1788005,-43.23989725047186,16.724354,0.27684316,-56.14491653442383,-55.04931,10956.086,890
-56.12986373901367,-55.061184,10686.816,14.486401,0.51818377,-28.144637434191857,13.382337,0.7019849,-56.19742965698242,-55.110844,10865.871,893
-57.180702209472656,-56.122986,10577.158,33.300972,0.20587203,-43.12652528430321,13.368608,0.25916678,-55.887386322021484,-54.810272,10771.146,896
-58.7891960144043,-57.739326,10498.709,54.990566,0.42556125,-29.674021550911526,25.560577,1.4486593,-57.513397216796875,-56.440178,10732.207,899
-57.70281982421875,-56.64807,10547.496,33.36435,0.9755058,-2.927306109710902,10.930774,0.3557206,-55.78065490722656,-54.710648,10700.086,902
-55.875701904296875,-54.824966,10507.354,13.993623,0.21837842,-26.147532246424227,14.582375,0.3101625,-55.98460006713867,-54.926914,10576.873,905
-55.89160919189453,-54.846794,10448.146,13.04285,0.34571606,-28.60769862404213,12.659846,0.6097395,-56.05510330200195,-54.99954,10555.631,908
-55.847373962402344,-54.811073,10363.025,12.6900215,0.32820752,-31.817716655978057,20.723284,0.19969827,-56.31199645996094,-55.267704,10442.922,911
-56.12150192260742,-55.095917,10255.836,12.90708,0.72744405,-33.94499066936275,10.443862,0.3994297,-55.735984802246094,-54.707275,10287.102,914
-55.58660125732422,-54.575985,10106.146,10.379733,0.21182585,-13.839363916819257,9.288806,0.46940565,-55.691383361816406,-54.676468,10149.162,917
-55.62480545043945,-54.63279,9920.176,10.366383,0.29710013,-54.44127387295362,205.92876,1.138714,-69.451171875,-68.43553,10156.377,920
-55.60586166381836,-54.639153,9667.105,11.653963,0.17774673,-4.629600984100119,61.422638,1.3881692,-59.84745788574219,-58.825947,10215.105,923
-55.56560134887695,-54.62918,9364.217,10.747389,0.25367075,-41.204908911926935,21.314022,0.48957998,-56.52167510986328,-55.503838,10178.391,926
-55.572784423828125,-54.64626,9265.238,12.461565,0.10748581,-2.163477407405053,33.357723,0.30041862,-57.20491409301758,-56.190807,10141.057,929
-55.49360275268555,-54.576927,9166.764,10.085913,0.24259616,-21.555774062903044,19.128222,0.3602964,-56.27701187133789,-55.268444,10085.668,932
-55.97159957885742,-55.067463,9041.35,13.085625,0.66754025,-24.56889381224573,14.007901,0.6318113,-56.10440444946289,-55.105694,9987.125,935
-55.58158874511719,-54.690033,8915.543,12.454464,0.1728951,-44.57682239767798,14.669528,0.31883404,-55.92994689941406,-54.93868,9912.676,938
-56.002235412597656,-55.115253,8869.824,19.316135,0.12852655,-18.50391453689084,12.342167,0.4037636,-55.820247650146484,-54.83866,9815.875,941
-56.24151611328125,-55.356388,8851.266,21.07982,0.2950986,-25.233710814962333,12.5934,0.4742528,-55.875526428222656,-54.903362,9721.641,944
-56.031890869140625,-55.1484,8834.918,15.493227,0.54639375,-32.48414200318627,9.658503,0.5521761,-55.71256637573242,-54.75628,9562.889,947
-55.70712661743164,-54.827103,8800.25,14.8467,0.16325764,-24.07115447035623,17.274893,0.7436749,-56.35935974121094,-55.40246,9569.0,950
-55.40430450439453,-54.52822,8760.836,10.955614,0.46795055,-33.33758563176718,32.483105,0.35131714,-57.117496490478516,-56.16606,9514.336,953
-55.45008850097656,-54.57611,8739.764,10.175921,0.23239113,-49.008897098782214,12.656497,0.289067,-55.725765228271484,-54.78232,9434.461,956
-56.1685791015625,-55.30066,8679.199,14.156046,0.9051151,-4.067103229374136,11.76961,0.18180184,-55.58344650268555,-54.64972,9337.27,959
-55.66007995605469,-54.797615,8624.633,14.206993,0.15662575,-53.67677054963441,11.041864,0.27851167,-55.58454513549805,-54.665916,9186.279,962
-55.862098693847656,-55.001064,8610.328,14.844535,0.3935287,-18.238768324024974,10.575632,0.49983937,-55.6971435546875,-54.784134,9130.082,965
-54.954654693603516,-54.093822,8608.336,15.301546,0.36048216,-63.00385671140757,8.350172,0.23418045,-55.3596305847168,-54.453785,9058.445,968
-55.152313232421875,-54.285347,8669.68,12.929321,0.69845235,-33.98688676555854,9.665642,0.93872225,-55.92203140258789,-55.019543,9024.902,971
-44.414634704589844,-43.53092,8837.172,11.631735,0.6360029,-21.90653713774936,50.36496,0.68347406,-58.49699783325195,-57.599426,8975.721,974
-41.55928421020508,-40.649445,9098.414,11.94091,0.7327883,-23.562648784021192,33.933662,4.002199,-59.645137786865234,-58.734688,9104.482,977
-38.80034637451172,-37.867912,9324.344,11.840456,0.7019978,-32.77390070982756,67.58779,0.29228428,-59.41009521484375,-58.50157,9085.246,980
-36.56787872314453,-35.613503,9543.762,11.295305,0.7855139,-0.19545228514381646,18.034185,0.6511744,-56.295650482177734,-55.391247,9044.035,983
-36.85122299194336,-35.872807,9784.152,11.552731,0.87323695,-26.042753089506085,11.96302,0.29591766,-55.640560150146484,-54.74003,9005.305,986
-33.50863265991211,-32.50348,10051.539,11.567408,0.8244666,5.091176611450623,92.125374,0.25259474,-61.03166961669922,-60.135113,8965.586,989
-33.906131744384766,-32.87215,10339.814,11.539276,0.6669931,-2.3496253133384206,9.352475,0.49627542,-55.59062576293945,-54.69896,8916.658,992
-32.589332580566406,-31.52667,10626.621,10.232667,0.34542617,-36.09061485726747,9.445068,0.9653717,-55.90727233886719,-55.02265,8846.211,995
-29.809324264526367,-28.712715,10966.084,9.11462,0.58448315,-9.399411806257145,8.032244,0.623389,-55.572303771972656,-54.695633,8766.723,998
-26.49740982055664,-25.359015,11383.963,9.686181,0.822698,-0.4152544247263295,10.803709,0.2673499,-55.50929260253906,-54.642254,8670.383,1001
-130.58001708984375,-129.7428,8372.234,1116.5322,0.65576386,-15.988816118691442,9.87502,0.23372412,-55.407020568847656,-54.556656,8503.654,1004
-55.390350341796875,-54.552563,8377.885,9.7944565,0.23573795,-33.139678779873,9.203585,0.19859461,-55.31986999511719,-54.48745,8324.1875,1007
-57.448726654052734,-56.61152,8372.08,40.722626,0.18566853,-31.783331767137156,14.9541,0.63566154,-55.99099349975586,-55.172325,8186.6934,1010
-58.16313934326172,-57.324516,8386.219,49.829617,0.3286504,-18.30101873265905,7.919388,0.2238466,-55.230281829833984,-54.41764,8126.424,1013
